district_code,district_name,fiscal_year,transfers_in
9,AGWSR,2017,0.0
9,AGWSR,2018,0.0
9,AGWSR,2019,0.0
9,AGWSR,2020,0.0
9,AGWSR,2021,4400.0
9,AGWSR,2022,4481.6
9,AGWSR,2023,0.0
9,AGWSR,2024,0
18,Adair-Casey,2017,0.0
18,Adair-Casey,2018,0.0
18,Adair-Casey,2019,0.0
18,Adair-Casey,2020,0.0
18,Adair-Casey,2021,0.0
18,Adair-Casey,2022,0.0
18,Adair-Casey,2023,0.0
18,Adair-Casey,2024,1834.42
27,Adel-Desoto-Minburn,2017,0.0
27,Adel-Desoto-Minburn,2018,7015.0
27,Adel-Desoto-Minburn,2019,0.0
27,Adel-Desoto-Minburn,2020,4000.0
27,Adel-Desoto-Minburn,2021,0.0
27,Adel-Desoto-Minburn,2022,0.0
27,Adel-Desoto-Minburn,2023,0.0
27,Adel-Desoto-Minburn,2024,650
63,Akron-Westfield,2017,0.0
63,Akron-Westfield,2018,0.0
63,Akron-Westfield,2019,1709.53
63,Akron-Westfield,2020,1670.0
63,Akron-Westfield,2021,0.0
63,Akron-Westfield,2022,1799.55
63,Akron-Westfield,2023,1873.95
63,Akron-Westfield,2024,2484.95
72,Albert City-Truesdale,2017,0.0
72,Albert City-Truesdale,2018,0.0
72,Albert City-Truesdale,2019,0.0
72,Albert City-Truesdale,2020,0.0
72,Albert City-Truesdale,2021,0.0
72,Albert City-Truesdale,2022,0.0
72,Albert City-Truesdale,2023,0.0
72,Albert City-Truesdale,2024,0
81,Albia,2017,0.0
81,Albia,2018,0.0
81,Albia,2019,0.0
81,Albia,2020,0.0
81,Albia,2021,0.0
81,Albia,2022,0.0
81,Albia,2023,0.0
81,Albia,2024,9855.41
99,Alburnett,2017,0.0
99,Alburnett,2018,16219.0
99,Alburnett,2019,5295.89
99,Alburnett,2020,2314.03
99,Alburnett,2021,11372.36
99,Alburnett,2022,0.0
99,Alburnett,2023,9192.21
99,Alburnett,2024,9035.39
108,Alden,2017,0.0
108,Alden,2018,0.0
108,Alden,2019,0.0
108,Alden,2020,0.0
108,Alden,2021,0.0
108,Alden,2022,0.0
108,Alden,2023,0.0
108,Alden,2024,0
126,Algona,2017,37331.0
126,Algona,2018,39176.0
126,Algona,2019,0.0
126,Algona,2020,0.0
126,Algona,2021,0.0
126,Algona,2022,14297.93
126,Algona,2023,13459.66
126,Algona,2024,14120.34
135,Allamakee,2017,0.0
135,Allamakee,2018,14194.0
135,Allamakee,2019,4105.53
135,Allamakee,2020,10946.99
135,Allamakee,2021,14084.85
135,Allamakee,2022,8356.85
135,Allamakee,2023,6374.27
135,Allamakee,2024,22170.71
153,North Butler,2017,0.0
153,North Butler,2018,0.0
153,North Butler,2019,0.0
153,North Butler,2020,5079.51
153,North Butler,2021,20448.07
153,North Butler,2022,12076.34
153,North Butler,2023,15755.52
153,North Butler,2024,7581.43
171,Alta-Aurelia,2017,0.0
171,Alta-Aurelia,2018,0.0
171,Alta-Aurelia,2019,0.0
171,Alta-Aurelia,2020,2414.45
171,Alta-Aurelia,2021,17488.6
171,Alta-Aurelia,2022,0.0
171,Alta-Aurelia,2023,0.0
171,Alta-Aurelia,2024,0
225,Ames,2017,0.0
225,Ames,2018,0.0
225,Ames,2019,0.0
225,Ames,2020,0.0
225,Ames,2021,0.0
225,Ames,2022,0.0
225,Ames,2023,0.0
225,Ames,2024,0
234,Anamosa,2017,0.0
234,Anamosa,2018,10530.0
234,Anamosa,2019,5190.25
234,Anamosa,2020,4980.0
234,Anamosa,2021,5481.0
234,Anamosa,2022,3086.0
234,Anamosa,2023,7350.0
234,Anamosa,2024,0
243,Andrew,2017,0.0
243,Andrew,2018,0.0
243,Andrew,2019,0.0
243,Andrew,2020,0.0
243,Andrew,2021,0.0
243,Andrew,2022,0.0
243,Andrew,2023,0.0
243,Andrew,2024,0
261,Ankeny,2017,0.0
261,Ankeny,2018,0.0
261,Ankeny,2019,5751.46
261,Ankeny,2020,0.0
261,Ankeny,2021,0.0
261,Ankeny,2022,30000.0
261,Ankeny,2023,30000.0
261,Ankeny,2024,263003.69
279,Aplington-Parkersburg,2017,0.0
279,Aplington-Parkersburg,2018,0.0
279,Aplington-Parkersburg,2019,0.0
279,Aplington-Parkersburg,2020,0.0
279,Aplington-Parkersburg,2021,0.0
279,Aplington-Parkersburg,2022,0.0
279,Aplington-Parkersburg,2023,0.0
279,Aplington-Parkersburg,2024,0
333,North Union,2017,0.0
333,North Union,2018,1086.0
333,North Union,2019,0.0
333,North Union,2020,0.0
333,North Union,2021,0.0
333,North Union,2022,0.0
333,North Union,2023,0.0
333,North Union,2024,0
355,Ar-We-Va,2017,1628.0
355,Ar-We-Va,2018,778.0
355,Ar-We-Va,2019,4316.7
355,Ar-We-Va,2020,3620.7
355,Ar-We-Va,2021,4023.2
355,Ar-We-Va,2022,1314.85
355,Ar-We-Va,2023,0.0
355,Ar-We-Va,2024,0
387,Atlantic,2017,0.0
387,Atlantic,2018,8300.0
387,Atlantic,2019,6154.0
387,Atlantic,2020,7914.0
387,Atlantic,2021,11031.34
387,Atlantic,2022,8760.0
387,Atlantic,2023,21120.0
387,Atlantic,2024,0
414,Audubon,2017,0.0
414,Audubon,2018,0.0
414,Audubon,2019,0.0
414,Audubon,2020,0.0
414,Audubon,2021,0.0
414,Audubon,2022,0.0
414,Audubon,2023,0.0
414,Audubon,2024,0
423,Aurelia,2017,4106.0
423,Aurelia,2018,7495.0
441,AHSTW,2017,7509.0
441,AHSTW,2018,6797.0
441,AHSTW,2019,3018.99
441,AHSTW,2020,2560.81
441,AHSTW,2021,7949.27
441,AHSTW,2022,1015.0
441,AHSTW,2023,11858.79
441,AHSTW,2024,6857.19
472,Ballard,2017,0.0
472,Ballard,2018,0.0
472,Ballard,2019,0.0
472,Ballard,2020,0.0
472,Ballard,2021,0.0
472,Ballard,2022,0.0
472,Ballard,2023,0.0
472,Ballard,2024,0
504,Battle Creek-Ida Grove,2017,0.0
504,Battle Creek-Ida Grove,2018,0.0
513,Baxter,2017,0.0
513,Baxter,2018,0.0
513,Baxter,2019,0.0
513,Baxter,2020,0.0
513,Baxter,2021,0.0
513,Baxter,2022,25491.91
513,Baxter,2023,0.0
513,Baxter,2024,0
540,BCLUW,2017,3245.0
540,BCLUW,2018,3200.0
540,BCLUW,2019,4378.99
540,BCLUW,2020,3744.72
540,BCLUW,2021,1191.5
540,BCLUW,2022,3016.0
540,BCLUW,2023,4500.0
540,BCLUW,2024,4500
549,Bedford,2017,0.0
549,Bedford,2018,0.0
549,Bedford,2019,0.0
549,Bedford,2020,0.0
549,Bedford,2021,0.0
549,Bedford,2022,30000.0
549,Bedford,2023,0.0
549,Bedford,2024,0
576,Belle Plaine,2017,0.0
576,Belle Plaine,2018,0.0
576,Belle Plaine,2019,0.0
576,Belle Plaine,2020,0.0
576,Belle Plaine,2021,0.0
576,Belle Plaine,2022,10100.0
576,Belle Plaine,2023,0.0
576,Belle Plaine,2024,0
585,Bellevue,2017,1033.0
585,Bellevue,2018,0.0
585,Bellevue,2019,4901.22
585,Bellevue,2020,3572.39
585,Bellevue,2021,4740.8
585,Bellevue,2022,8266.56
585,Bellevue,2023,8308.39
585,Bellevue,2024,32011.52
594,Belmond-Klemme,2017,0.0
594,Belmond-Klemme,2018,366.0
594,Belmond-Klemme,2019,11567.65
594,Belmond-Klemme,2020,3272.03
594,Belmond-Klemme,2021,30306.59
594,Belmond-Klemme,2022,21856.17
594,Belmond-Klemme,2023,0.0
594,Belmond-Klemme,2024,12671.5
603,Bennett,2017,0.0
603,Bennett,2018,0.0
603,Bennett,2019,0.0
603,Bennett,2020,0.0
603,Bennett,2021,0.0
603,Bennett,2022,0.0
603,Bennett,2023,0.0
603,Bennett,2024,0
609,Benton,2017,252.0
609,Benton,2018,0.0
609,Benton,2019,0.0
609,Benton,2020,0.0
609,Benton,2021,0.0
609,Benton,2022,0.0
609,Benton,2023,0.0
609,Benton,2024,0
621,Bettendorf,2017,0.0
621,Bettendorf,2018,0.0
621,Bettendorf,2019,20000.0
621,Bettendorf,2020,20000.0
621,Bettendorf,2021,20000.0
621,Bettendorf,2022,20000.0
621,Bettendorf,2023,20000.0
621,Bettendorf,2024,20400
657,Eddyville-Blakesburg-Fremont,2017,37.0
657,Eddyville-Blakesburg-Fremont,2018,10000.0
657,Eddyville-Blakesburg-Fremont,2019,0.0
657,Eddyville-Blakesburg-Fremont,2020,0.0
657,Eddyville-Blakesburg-Fremont,2021,0.0
657,Eddyville-Blakesburg-Fremont,2022,12018.55
657,Eddyville-Blakesburg-Fremont,2023,11169.64
657,Eddyville-Blakesburg-Fremont,2024,14410.34
720,Bondurant-Farrar,2017,9272.0
720,Bondurant-Farrar,2018,0.0
720,Bondurant-Farrar,2019,10000.0
720,Bondurant-Farrar,2020,0.0
720,Bondurant-Farrar,2021,20730.5
720,Bondurant-Farrar,2022,38909.11
720,Bondurant-Farrar,2023,22384.08
720,Bondurant-Farrar,2024,20229.98
729,Boone,2017,0.0
729,Boone,2018,0.0
729,Boone,2019,0.0
729,Boone,2020,0.0
729,Boone,2021,33099.57
729,Boone,2022,13604.28
729,Boone,2023,0.0
729,Boone,2024,0
747,Boyden-Hull,2017,0.0
747,Boyden-Hull,2018,0.0
747,Boyden-Hull,2019,0.0
747,Boyden-Hull,2020,0.0
747,Boyden-Hull,2021,0.0
747,Boyden-Hull,2022,38000.0
747,Boyden-Hull,2023,0.0
747,Boyden-Hull,2024,0
819,West Hancock,2017,0.0
819,West Hancock,2018,0.0
819,West Hancock,2019,0.0
819,West Hancock,2020,5527.36
819,West Hancock,2021,0.0
819,West Hancock,2022,0.0
819,West Hancock,2023,0.0
819,West Hancock,2024,0
846,Brooklyn-Guernsey-Malcom,2017,0.0
846,Brooklyn-Guernsey-Malcom,2018,104.0
846,Brooklyn-Guernsey-Malcom,2019,0.0
846,Brooklyn-Guernsey-Malcom,2020,0.0
846,Brooklyn-Guernsey-Malcom,2021,0.0
846,Brooklyn-Guernsey-Malcom,2022,0.0
846,Brooklyn-Guernsey-Malcom,2023,0.0
846,Brooklyn-Guernsey-Malcom,2024,0
873,North Iowa,2017,0.0
873,North Iowa,2018,0.0
873,North Iowa,2019,0.0
873,North Iowa,2020,12000.0
873,North Iowa,2021,26000.0
873,North Iowa,2022,5485.59
873,North Iowa,2023,3868.01
873,North Iowa,2024,6363.84
882,Burlington,2017,0.0
882,Burlington,2018,0.0
882,Burlington,2019,0.0
882,Burlington,2020,0.0
882,Burlington,2021,0.0
882,Burlington,2022,0.0
882,Burlington,2023,0.0
882,Burlington,2024,0
914,CAM,2017,0.0
914,CAM,2018,0.0
914,CAM,2019,2320.0
914,CAM,2020,3466.84
914,CAM,2021,7000.0
914,CAM,2022,0.0
914,CAM,2023,10465.0
914,CAM,2024,0
916,CAL,2017,0.0
916,CAL,2018,0.0
916,CAL,2019,0.0
916,CAL,2020,0.0
916,CAL,2021,0.0
916,CAL,2022,0.0
916,CAL,2023,0.0
916,CAL,2024,0
918,Calamus-Wheatland,2017,0.0
918,Calamus-Wheatland,2018,0.0
918,Calamus-Wheatland,2019,0.0
918,Calamus-Wheatland,2020,0.0
918,Calamus-Wheatland,2021,0.0
918,Calamus-Wheatland,2022,0.0
918,Calamus-Wheatland,2023,0.0
918,Calamus-Wheatland,2024,0
936,Camanche,2017,0.0
936,Camanche,2018,0.0
936,Camanche,2019,0.0
936,Camanche,2020,0.0
936,Camanche,2021,0.0
936,Camanche,2022,0.0
936,Camanche,2023,0.0
936,Camanche,2024,0
977,Cardinal,2017,0.0
977,Cardinal,2018,0.0
977,Cardinal,2019,0.0
977,Cardinal,2020,0.0
977,Cardinal,2021,20000.0
977,Cardinal,2022,0.0
977,Cardinal,2023,12345.74
977,Cardinal,2024,0
981,Carlisle,2017,0.0
981,Carlisle,2018,0.0
981,Carlisle,2019,0.0
981,Carlisle,2020,0.0
981,Carlisle,2021,36000.0
981,Carlisle,2022,0.0
981,Carlisle,2023,0.0
981,Carlisle,2024,0
999,Carroll,2017,0.0
999,Carroll,2018,0.0
999,Carroll,2019,0.0
999,Carroll,2020,0.0
999,Carroll,2021,0.0
999,Carroll,2022,0.0
999,Carroll,2023,0.0
999,Carroll,2024,0
1044,Cedar Falls,2017,0.0
1044,Cedar Falls,2018,0.0
1044,Cedar Falls,2019,0.0
1044,Cedar Falls,2020,0.0
1044,Cedar Falls,2021,0.0
1044,Cedar Falls,2022,0.0
1044,Cedar Falls,2023,0.0
1044,Cedar Falls,2024,0
1053,Cedar Rapids,2017,0.0
1053,Cedar Rapids,2018,0.0
1053,Cedar Rapids,2019,0.0
1053,Cedar Rapids,2020,0.0
1053,Cedar Rapids,2021,160121.31
1053,Cedar Rapids,2022,358932.42
1053,Cedar Rapids,2023,0.0
1053,Cedar Rapids,2024,0
1062,Center Point-Urbana,2017,0.0
1062,Center Point-Urbana,2018,0.0
1062,Center Point-Urbana,2019,0.0
1062,Center Point-Urbana,2020,0.0
1062,Center Point-Urbana,2021,0.0
1062,Center Point-Urbana,2022,0.0
1062,Center Point-Urbana,2023,0.0
1062,Center Point-Urbana,2024,0
1071,Centerville,2017,0.0
1071,Centerville,2018,0.0
1071,Centerville,2019,0.0
1071,Centerville,2020,0.0
1071,Centerville,2021,9988.33
1071,Centerville,2022,0.0
1071,Centerville,2023,7402.8
1071,Centerville,2024,0
1079,Central Lee,2017,0.0
1079,Central Lee,2018,0.0
1079,Central Lee,2019,0.0
1079,Central Lee,2020,0.0
1079,Central Lee,2021,0.0
1079,Central Lee,2022,0.0
1079,Central Lee,2023,0.0
1079,Central Lee,2024,0
1080,Central Clayton,2017,0.0
1080,Central Clayton,2018,0.0
1080,Central Clayton,2019,0.0
1080,Central Clayton,2020,0.0
1080,Central Clayton,2021,0.0
1080,Central Clayton,2022,0.0
1080,Central Clayton,2023,0.0
1080,Central Clayton,2024,0
1082,Central De Witt,2017,0.0
1082,Central De Witt,2018,0.0
1082,Central De Witt,2019,0.0
1082,Central De Witt,2020,0.0
1082,Central De Witt,2021,0.0
1082,Central De Witt,2022,0.0
1082,Central De Witt,2023,0.0
1082,Central De Witt,2024,2481.54
1089,Central City,2017,0.0
1089,Central City,2018,3500.0
1089,Central City,2019,0.0
1089,Central City,2020,0.0
1089,Central City,2021,0.0
1089,Central City,2022,0.0
1089,Central City,2023,0.0
1089,Central City,2024,717.35
1093,Central Decatur,2017,658.0
1093,Central Decatur,2018,0.0
1093,Central Decatur,2019,925.01
1093,Central Decatur,2020,5000.0
1093,Central Decatur,2021,5010.52
1093,Central Decatur,2022,5499.85
1093,Central Decatur,2023,5471.1
1093,Central Decatur,2024,6136.94
1095,Central Lyon,2017,0.0
1095,Central Lyon,2018,0.0
1095,Central Lyon,2019,0.0
1095,Central Lyon,2020,0.0
1095,Central Lyon,2021,0.0
1095,Central Lyon,2022,0.0
1095,Central Lyon,2023,0.0
1095,Central Lyon,2024,0
1107,Chariton,2017,0.0
1107,Chariton,2018,0.0
1107,Chariton,2019,0.0
1107,Chariton,2020,0.0
1107,Chariton,2021,0.0
1107,Chariton,2022,0.0
1107,Chariton,2023,0.0
1107,Chariton,2024,870
1116,Charles City,2017,0.0
1116,Charles City,2018,0.0
1116,Charles City,2019,0.0
1116,Charles City,2020,0.0
1116,Charles City,2021,80208.9
1116,Charles City,2022,0.0
1116,Charles City,2023,39267.42
1116,Charles City,2024,18670.25
1134,Charter Oak-Ute,2017,0.0
1134,Charter Oak-Ute,2018,0.0
1134,Charter Oak-Ute,2019,0.0
1134,Charter Oak-Ute,2020,0.0
1134,Charter Oak-Ute,2021,0.0
1134,Charter Oak-Ute,2022,0.0
1134,Charter Oak-Ute,2023,0.0
1134,Charter Oak-Ute,2024,0
1152,Cherokee,2017,0.0
1152,Cherokee,2018,0.0
1152,Cherokee,2019,0.0
1152,Cherokee,2020,0.0
1152,Cherokee,2021,9540.21
1152,Cherokee,2022,0.0
1152,Cherokee,2023,0.0
1152,Cherokee,2024,0
1197,Clarinda,2017,0.0
1197,Clarinda,2018,0.0
1197,Clarinda,2019,0.0
1197,Clarinda,2020,0.0
1197,Clarinda,2021,0.0
1197,Clarinda,2022,0.0
1197,Clarinda,2023,0.0
1197,Clarinda,2024,0
1206,Clarion-Goldfield-Dows,2017,4255.0
1206,Clarion-Goldfield-Dows,2018,8526.0
1206,Clarion-Goldfield-Dows,2019,7024.25
1206,Clarion-Goldfield-Dows,2020,6943.35
1206,Clarion-Goldfield-Dows,2021,10934.14
1206,Clarion-Goldfield-Dows,2022,3108.96
1206,Clarion-Goldfield-Dows,2023,11925.85
1206,Clarion-Goldfield-Dows,2024,21610.42
1211,Clarke,2017,0.0
1211,Clarke,2018,0.0
1211,Clarke,2019,0.0
1211,Clarke,2020,0.0
1211,Clarke,2021,20680.33
1211,Clarke,2022,17890.25
1211,Clarke,2023,0.0
1211,Clarke,2024,0
1215,Clarksville,2017,0.0
1215,Clarksville,2018,0.0
1215,Clarksville,2019,0.0
1215,Clarksville,2020,0.0
1215,Clarksville,2021,23598.19
1215,Clarksville,2022,11497.49
1215,Clarksville,2023,0.0
1215,Clarksville,2024,7587.25
1218,Clay Central-Everly,2017,3858.0
1218,Clay Central-Everly,2018,0.0
1218,Clay Central-Everly,2019,0.0
1218,Clay Central-Everly,2020,0.0
1218,Clay Central-Everly,2021,0.0
1218,Clay Central-Everly,2022,0.0
1218,Clay Central-Everly,2023,0.0
1218,Clay Central-Everly,2024,0
1221,Clear Creek-Amana,2017,0.0
1221,Clear Creek-Amana,2018,0.0
1221,Clear Creek-Amana,2019,0.0
1221,Clear Creek-Amana,2020,0.0
1221,Clear Creek-Amana,2021,0.0
1221,Clear Creek-Amana,2022,0.0
1221,Clear Creek-Amana,2023,0.0
1221,Clear Creek-Amana,2024,0
1233,Clear Lake,2017,0.0
1233,Clear Lake,2018,0.0
1233,Clear Lake,2019,0.0
1233,Clear Lake,2020,0.0
1233,Clear Lake,2021,0.0
1233,Clear Lake,2022,0.0
1233,Clear Lake,2023,0.0
1233,Clear Lake,2024,0
1278,Clinton,2017,10247.0
1278,Clinton,2018,40019.0
1278,Clinton,2019,12332.07
1278,Clinton,2020,7107.81
1278,Clinton,2021,74745.36
1278,Clinton,2022,17616.02
1278,Clinton,2023,54537.01
1278,Clinton,2024,26133.74
1332,Colfax-Mingo,2017,0.0
1332,Colfax-Mingo,2018,11960.0
1332,Colfax-Mingo,2019,0.0
1332,Colfax-Mingo,2020,10151.7
1332,Colfax-Mingo,2021,54310.08
1332,Colfax-Mingo,2022,51481.24
1332,Colfax-Mingo,2023,15268.48
1332,Colfax-Mingo,2024,0
1337,College Community,2017,0.0
1337,College Community,2018,0.0
1337,College Community,2019,0.0
1337,College Community,2020,12862.3
1337,College Community,2021,59563.5
1337,College Community,2022,15307.21
1337,College Community,2023,29424.95
1337,College Community,2024,40000
1350,Collins-Maxwell,2017,0.0
1350,Collins-Maxwell,2018,0.0
1350,Collins-Maxwell,2019,0.0
1350,Collins-Maxwell,2020,0.0
1350,Collins-Maxwell,2021,0.0
1350,Collins-Maxwell,2022,0.0
1350,Collins-Maxwell,2023,0.0
1350,Collins-Maxwell,2024,2410.92
1359,Colo-Nesco,2017,0.0
1359,Colo-Nesco,2018,0.0
1359,Colo-Nesco,2019,0.0
1359,Colo-Nesco,2020,0.0
1359,Colo-Nesco,2021,0.0
1359,Colo-Nesco,2022,0.0
1359,Colo-Nesco,2023,0.0
1359,Colo-Nesco,2024,0
1368,Columbus,2017,0.0
1368,Columbus,2018,0.0
1368,Columbus,2019,0.0
1368,Columbus,2020,0.0
1368,Columbus,2021,0.0
1368,Columbus,2022,0.0
1368,Columbus,2023,0.0
1368,Columbus,2024,0
1413,Coon Rapids-Bayard,2017,0.0
1413,Coon Rapids-Bayard,2018,0.0
1413,Coon Rapids-Bayard,2019,0.0
1413,Coon Rapids-Bayard,2020,0.0
1413,Coon Rapids-Bayard,2021,0.0
1413,Coon Rapids-Bayard,2022,0.0
1413,Coon Rapids-Bayard,2023,4514.55
1413,Coon Rapids-Bayard,2024,5979.58
1431,Corning,2017,0.0
1431,Corning,2018,0.0
1431,Corning,2019,0.0
1431,Corning,2020,0.0
1431,Corning,2021,0.0
1431,Corning,2022,0.0
1431,Corning,2023,0.0
1431,Corning,2024,0
1476,Council Bluffs,2017,36.0
1476,Council Bluffs,2018,0.0
1476,Council Bluffs,2019,0.0
1476,Council Bluffs,2020,0.0
1476,Council Bluffs,2021,44000.0
1476,Council Bluffs,2022,0.0
1476,Council Bluffs,2023,0.0
1476,Council Bluffs,2024,0
1503,Creston,2017,8594.0
1503,Creston,2018,9636.0
1503,Creston,2019,6649.0
1503,Creston,2020,13418.09
1503,Creston,2021,200102.57
1503,Creston,2022,8542.26
1503,Creston,2023,19266.03
1503,Creston,2024,40004.47
1576,Dallas Center-Grimes,2017,0.0
1576,Dallas Center-Grimes,2018,0.0
1576,Dallas Center-Grimes,2019,0.0
1576,Dallas Center-Grimes,2020,0.0
1576,Dallas Center-Grimes,2021,0.0
1576,Dallas Center-Grimes,2022,0.0
1576,Dallas Center-Grimes,2023,0.0
1576,Dallas Center-Grimes,2024,0
1602,Danville,2017,9075.0
1602,Danville,2018,0.0
1602,Danville,2019,0.0
1602,Danville,2020,0.0
1602,Danville,2021,0.0
1602,Danville,2022,0.0
1602,Danville,2023,0.0
1602,Danville,2024,0
1611,Davenport,2017,0.0
1611,Davenport,2018,8630.0
1611,Davenport,2019,0.0
1611,Davenport,2020,0.0
1611,Davenport,2021,0.0
1611,Davenport,2022,0.0
1611,Davenport,2023,0.0
1611,Davenport,2024,0
1619,Davis County,2017,0.0
1619,Davis County,2018,0.0
1619,Davis County,2019,7060.77
1619,Davis County,2020,10000.0
1619,Davis County,2021,0.0
1619,Davis County,2022,9550.0
1619,Davis County,2023,1216.84
1619,Davis County,2024,0
1638,Decorah,2017,0.0
1638,Decorah,2018,0.0
1638,Decorah,2019,0.0
1638,Decorah,2020,0.0
1638,Decorah,2021,0.0
1638,Decorah,2022,0.0
1638,Decorah,2023,0.0
1638,Decorah,2024,0
1675,Delwood,2017,0.0
1675,Delwood,2018,0.0
1675,Delwood,2019,0.0
1675,Delwood,2020,0.0
1675,Delwood,2021,0.0
1675,Delwood,2022,0.0
1675,Delwood,2023,0.0
1675,Delwood,2024,0
1701,Denison,2017,0.0
1701,Denison,2018,0.0
1701,Denison,2019,0.0
1701,Denison,2020,0.0
1701,Denison,2021,0.0
1701,Denison,2022,0.0
1701,Denison,2023,0.0
1701,Denison,2024,0
1719,Denver,2017,0.0
1719,Denver,2018,0.0
1719,Denver,2019,0.0
1719,Denver,2020,0.0
1719,Denver,2021,0.0
1719,Denver,2022,0.0
1719,Denver,2023,0.0
1719,Denver,2024,0
1737,Des Moines,2017,29430.0
1737,Des Moines,2018,20000.0
1737,Des Moines,2019,0.0
1737,Des Moines,2020,0.0
1737,Des Moines,2021,0.0
1737,Des Moines,2022,0.0
1737,Des Moines,2023,0.0
1737,Des Moines,2024,27395.09
1782,Diagonal,2017,0.0
1782,Diagonal,2018,0.0
1782,Diagonal,2019,0.0
1782,Diagonal,2020,0.0
1782,Diagonal,2021,0.0
1782,Diagonal,2022,4935.92
1782,Diagonal,2023,0.0
1782,Diagonal,2024,0
1791,Dike-New Hartford,2017,0.0
1791,Dike-New Hartford,2018,0.0
1791,Dike-New Hartford,2019,16517.56
1791,Dike-New Hartford,2020,0.0
1791,Dike-New Hartford,2021,0.0
1791,Dike-New Hartford,2022,31000.0
1791,Dike-New Hartford,2023,0.0
1791,Dike-New Hartford,2024,0
1863,Dubuque,2017,0.0
1863,Dubuque,2018,51285.0
1863,Dubuque,2019,80694.64
1863,Dubuque,2020,40262.08
1863,Dubuque,2021,57944.3
1863,Dubuque,2022,31281.98
1863,Dubuque,2023,53149.4
1863,Dubuque,2024,43380.86
1908,Dunkerton,2017,0.0
1908,Dunkerton,2018,0.0
1908,Dunkerton,2019,0.0
1908,Dunkerton,2020,0.0
1908,Dunkerton,2021,0.0
1908,Dunkerton,2022,0.0
1908,Dunkerton,2023,0.0
1908,Dunkerton,2024,0
1917,Boyer Valley,2017,0.0
1917,Boyer Valley,2018,0.0
1917,Boyer Valley,2019,0.0
1917,Boyer Valley,2020,0.0
1917,Boyer Valley,2021,0.0
1917,Boyer Valley,2022,0.0
1917,Boyer Valley,2023,11246.76
1917,Boyer Valley,2024,6141.16
1926,Durant,2017,0.0
1926,Durant,2018,0.0
1926,Durant,2019,0.0
1926,Durant,2020,0.0
1926,Durant,2021,16222.15
1926,Durant,2022,10442.95
1926,Durant,2023,0.0
1926,Durant,2024,0
1935,Union,2017,0.0
1935,Union,2018,0.0
1935,Union,2019,0.0
1935,Union,2020,0.0
1935,Union,2021,0.0
1935,Union,2022,0.0
1935,Union,2023,7927.91
1944,Eagle Grove,2017,0.0
1944,Eagle Grove,2018,0.0
1944,Eagle Grove,2019,9243.0
1944,Eagle Grove,2020,3580.0
1944,Eagle Grove,2021,0.0
1944,Eagle Grove,2022,26178.0
1944,Eagle Grove,2023,14485.79
1944,Eagle Grove,2024,5842.24
1953,Earlham,2017,3712.0
1953,Earlham,2018,8536.0
1953,Earlham,2019,6046.66
1953,Earlham,2020,5167.51
1953,Earlham,2021,4404.17
1953,Earlham,2022,3293.86
1953,Earlham,2023,15519.44
1953,Earlham,2024,15275.16
1963,East Buchanan,2017,364.0
1963,East Buchanan,2018,0.0
1963,East Buchanan,2019,2126.31
1963,East Buchanan,2020,2099.85
1963,East Buchanan,2021,10832.66
1963,East Buchanan,2022,6730.36
1963,East Buchanan,2023,6791.26
1963,East Buchanan,2024,7168.3
1965,Easton Valley,2017,0.0
1965,Easton Valley,2018,0.0
1965,Easton Valley,2019,0.0
1965,Easton Valley,2020,0.0
1965,Easton Valley,2021,0.0
1965,Easton Valley,2022,0.0
1965,Easton Valley,2023,0.0
1965,Easton Valley,2024,0
1968,,2024,0
1970,East Union,2017,0.0
1970,East Union,2018,0.0
1970,East Union,2019,0.0
1970,East Union,2020,0.0
1970,East Union,2021,0.0
1970,East Union,2022,17293.41
1970,East Union,2023,4535.24
1970,East Union,2024,7978.34
1972,Eastern Allamakee,2017,0.0
1972,Eastern Allamakee,2018,0.0
1972,Eastern Allamakee,2019,0.0
1972,Eastern Allamakee,2020,0.0
1972,Eastern Allamakee,2021,8431.2
1972,Eastern Allamakee,2022,0.0
1972,Eastern Allamakee,2023,0.0
1972,Eastern Allamakee,2024,0
1975,River Valley,2017,0.0
1975,River Valley,2018,0.0
1975,River Valley,2019,0.0
1975,River Valley,2020,0.0
1975,River Valley,2021,0.0
1975,River Valley,2022,0.0
1975,River Valley,2023,0.0
1975,River Valley,2024,0
1989,Edgewood-Colesburg,2017,0.0
1989,Edgewood-Colesburg,2018,0.0
1989,Edgewood-Colesburg,2019,0.0
1989,Edgewood-Colesburg,2020,0.0
1989,Edgewood-Colesburg,2021,0.0
1989,Edgewood-Colesburg,2022,26464.42
1989,Edgewood-Colesburg,2023,0.0
1989,Edgewood-Colesburg,2024,0
2007,Eldora-New Providence,2017,0.0
2007,Eldora-New Providence,2018,0.0
2007,Eldora-New Providence,2019,0.0
2007,Eldora-New Providence,2020,0.0
2007,Eldora-New Providence,2021,0.0
2007,Eldora-New Providence,2022,0.0
2007,Eldora-New Providence,2023,0.0
2007,Eldora-New Providence,2024,0
2088,Emmetsburg,2017,0.0
2088,Emmetsburg,2018,0.0
2088,Emmetsburg,2019,0.0
2088,Emmetsburg,2020,0.0
2088,Emmetsburg,2021,0.0
2088,Emmetsburg,2022,0.0
2088,Emmetsburg,2023,0.0
2088,Emmetsburg,2024,0
2097,English Valleys,2017,1219.0
2097,English Valleys,2018,4206.0
2097,English Valleys,2019,6728.43
2097,English Valleys,2020,3120.1
2097,English Valleys,2021,51276.0
2097,English Valleys,2022,1821.64
2097,English Valleys,2023,5260.21
2097,English Valleys,2024,8610.41
2113,Essex,2017,0.0
2113,Essex,2018,0.0
2113,Essex,2019,0.0
2113,Essex,2020,0.0
2113,Essex,2021,0.0
2113,Essex,2022,0.0
2113,Essex,2023,0.0
2113,Essex,2024,7766.49
2124,Estherville-Lincoln Central,2017,0.0
2124,Estherville-Lincoln Central,2018,0.0
2124,Estherville-Lincoln Central,2019,0.0
2124,Estherville-Lincoln Central,2020,0.0
2124,Estherville-Lincoln Central,2021,0.0
2124,Estherville-Lincoln Central,2022,0.0
2124,Estherville-Lincoln Central,2023,13352.21
2124,Estherville-Lincoln Central,2024,9875.53
2151,Exira-Elk Horn-Kimballton,2017,0.0
2151,Exira-Elk Horn-Kimballton,2018,0.0
2151,Exira-Elk Horn-Kimballton,2019,0.0
2151,Exira-Elk Horn-Kimballton,2020,0.0
2151,Exira-Elk Horn-Kimballton,2021,0.0
2151,Exira-Elk Horn-Kimballton,2022,0.0
2151,Exira-Elk Horn-Kimballton,2023,0.0
2151,Exira-Elk Horn-Kimballton,2024,0
2169,Fairfield,2017,0.0
2169,Fairfield,2018,0.0
2169,Fairfield,2019,9380.48
2169,Fairfield,2020,0.0
2169,Fairfield,2021,0.0
2169,Fairfield,2022,0.0
2169,Fairfield,2023,0.0
2169,Fairfield,2024,62241.89
2205,Farragut,2017,0.0
2206,Farragut,2017,0.0
2218,Farragut,2017,0.0
2230,Farragut,2017,0.0
2242,Farragut,2017,0.0
2254,Farragut,2017,0.0
2266,Farragut,2017,0.0
2278,Farragut,2017,0.0
2290,Farragut,2017,0.0
2295,Forest City,2017,0.0
2295,Forest City,2018,0.0
2295,Forest City,2019,0.0
2295,Forest City,2020,0.0
2295,Forest City,2021,0.0
2295,Forest City,2022,0.0
2295,Forest City,2023,9000.0
2295,Forest City,2024,0
2302,Farragut,2017,0.0
2313,Fort Dodge,2017,0.0
2313,Fort Dodge,2018,0.0
2313,Fort Dodge,2019,0.0
2313,Fort Dodge,2020,0.0
2313,Fort Dodge,2021,135278.3
2313,Fort Dodge,2022,0.0
2313,Fort Dodge,2023,0.0
2313,Fort Dodge,2024,0
2314,Farragut,2017,0.0
2322,Fort Madison,2017,0.0
2322,Fort Madison,2018,0.0
2322,Fort Madison,2019,0.0
2322,Fort Madison,2020,0.0
2322,Fort Madison,2021,0.0
2322,Fort Madison,2022,0.0
2322,Fort Madison,2023,0.0
2322,Fort Madison,2024,0
2326,Farragut,2017,0.0
2338,Farragut,2017,0.0
2350,Farragut,2017,0.0
2362,Farragut,2017,0.0
2369,Fremont-Mills,2017,0.0
2369,Fremont-Mills,2018,2559.0
2369,Fremont-Mills,2019,0.0
2369,Fremont-Mills,2020,0.0
2369,Fremont-Mills,2021,0.0
2369,Fremont-Mills,2022,0.0
2369,Fremont-Mills,2023,0.0
2369,Fremont-Mills,2024,0
2374,Farragut,2017,0.0
2376,Galva-Holstein,2017,0.0
2376,Galva-Holstein,2018,0.0
2376,Galva-Holstein,2019,6971.71
2376,Galva-Holstein,2020,0.0
2376,Galva-Holstein,2021,0.0
2376,Galva-Holstein,2022,10789.06
2376,Galva-Holstein,2023,0.0
2376,Galva-Holstein,2024,0
2386,Farragut,2017,0.0
2398,Farragut,2017,0.0
2403,Garner-Hayfield-Ventura,2017,0.0
2403,Garner-Hayfield-Ventura,2018,0.0
2403,Garner-Hayfield-Ventura,2019,0.0
2403,Garner-Hayfield-Ventura,2020,0.0
2403,Garner-Hayfield-Ventura,2021,0.0
2403,Garner-Hayfield-Ventura,2022,2488.31
2403,Garner-Hayfield-Ventura,2023,0.0
2403,Garner-Hayfield-Ventura,2024,215.1
2410,Farragut,2017,0.0
2422,Farragut,2017,0.0
2457,George-Little Rock,2017,0.0
2457,George-Little Rock,2018,0.0
2457,George-Little Rock,2019,0.0
2457,George-Little Rock,2020,0.0
2457,George-Little Rock,2021,0.0
2457,George-Little Rock,2022,0.0
2457,George-Little Rock,2023,0.0
2457,George-Little Rock,2024,0
2466,Gilbert,2017,1000.0
2466,Gilbert,2018,0.0
2466,Gilbert,2019,6831.02
2466,Gilbert,2020,60.89
2466,Gilbert,2021,0.0
2466,Gilbert,2022,5823.53
2466,Gilbert,2023,0.0
2466,Gilbert,2024,1853.79
2493,Gilmore City-Bradgate,2017,0.0
2493,Gilmore City-Bradgate,2018,0.0
2493,Gilmore City-Bradgate,2019,0.0
2493,Gilmore City-Bradgate,2020,0.0
2493,Gilmore City-Bradgate,2021,0.0
2493,Gilmore City-Bradgate,2022,0.0
2493,Gilmore City-Bradgate,2023,0.0
2493,Gilmore City-Bradgate,2024,0
2502,Gladbrook-Reinbeck,2017,0.0
2502,Gladbrook-Reinbeck,2018,0.0
2502,Gladbrook-Reinbeck,2019,0.0
2502,Gladbrook-Reinbeck,2020,0.0
2502,Gladbrook-Reinbeck,2021,0.0
2502,Gladbrook-Reinbeck,2022,0.0
2502,Gladbrook-Reinbeck,2023,0.0
2502,Gladbrook-Reinbeck,2024,0
2511,Glenwood,2017,0.0
2511,Glenwood,2018,0.0
2511,Glenwood,2019,0.0
2511,Glenwood,2020,0.0
2511,Glenwood,2021,0.0
2511,Glenwood,2022,0.0
2511,Glenwood,2023,0.0
2511,Glenwood,2024,0
2520,Glidden-Ralston,2017,379.0
2520,Glidden-Ralston,2018,0.0
2520,Glidden-Ralston,2019,0.0
2520,Glidden-Ralston,2020,0.0
2520,Glidden-Ralston,2021,0.0
2520,Glidden-Ralston,2022,20739.0
2520,Glidden-Ralston,2023,20739.0
2520,Glidden-Ralston,2024,6054.46
2556,Graettinger-Terril,2017,13896.0
2556,Graettinger-Terril,2018,13248.0
2556,Graettinger-Terril,2019,16564.65
2556,Graettinger-Terril,2020,0.0
2556,Graettinger-Terril,2021,0.0
2556,Graettinger-Terril,2022,0.0
2556,Graettinger-Terril,2023,0.0
2556,Graettinger-Terril,2024,0
2673,Nodaway Valley,2017,0.0
2673,Nodaway Valley,2018,0.0
2673,Nodaway Valley,2019,0.0
2673,Nodaway Valley,2020,0.0
2673,Nodaway Valley,2021,6469.45
2673,Nodaway Valley,2022,0.0
2673,Nodaway Valley,2023,5380.45
2673,Nodaway Valley,2024,0
2682,GMG,2017,0.0
2682,GMG,2018,0.0
2682,GMG,2019,0.0
2682,GMG,2020,11576.27
2682,GMG,2021,10957.0
2682,GMG,2022,15745.0
2682,GMG,2023,22425.0
2682,GMG,2024,22721.71
2709,Grinnell-Newburg,2017,0.0
2709,Grinnell-Newburg,2018,0.0
2709,Grinnell-Newburg,2019,0.0
2709,Grinnell-Newburg,2020,0.0
2709,Grinnell-Newburg,2021,0.0
2709,Grinnell-Newburg,2022,0.0
2709,Grinnell-Newburg,2023,0.0
2709,Grinnell-Newburg,2024,0
2718,Griswold,2017,0.0
2718,Griswold,2018,0.0
2718,Griswold,2019,0.0
2718,Griswold,2020,0.0
2718,Griswold,2021,0.0
2718,Griswold,2022,0.0
2718,Griswold,2023,0.0
2718,Griswold,2024,0
2727,Grundy Center,2017,0.0
2727,Grundy Center,2018,0.0
2727,Grundy Center,2019,0.0
2727,Grundy Center,2020,0.0
2727,Grundy Center,2021,0.0
2727,Grundy Center,2022,0.0
2727,Grundy Center,2023,0.0
2727,Grundy Center,2024,0
2754,Guthrie Center,2017,0.0
2754,Guthrie Center,2018,0.0
2754,Guthrie Center,2019,0.0
2754,Guthrie Center,2020,0.0
2754,Guthrie Center,2021,0.0
2754,Guthrie Center,2022,0.0
2754,Guthrie Center,2023,0.0
2754,Guthrie Center,2024,5816.98
2763,Clayton Ridge,2017,0.0
2763,Clayton Ridge,2018,3100.0
2763,Clayton Ridge,2019,6177.0
2763,Clayton Ridge,2020,0.0
2763,Clayton Ridge,2021,8277.83
2763,Clayton Ridge,2022,8835.67
2763,Clayton Ridge,2023,13809.52
2763,Clayton Ridge,2024,10666.87
2766,HLV,2017,0.0
2766,HLV,2018,0.0
2766,HLV,2019,0.0
2766,HLV,2020,0.0
2766,HLV,2021,0.0
2766,HLV,2022,0.0
2766,HLV,2023,15549.0
2766,HLV,2024,0
2772,Hamburg,2017,598.0
2772,Hamburg,2018,0.0
2772,Hamburg,2019,0.0
2772,Hamburg,2020,0.0
2772,Hamburg,2021,0.0
2772,Hamburg,2022,0.0
2772,Hamburg,2023,37500.0
2772,Hamburg,2024,0
2781,Hampton-Dumont,2017,0.0
2781,Hampton-Dumont,2018,0.0
2781,Hampton-Dumont,2019,0.0
2781,Hampton-Dumont,2020,0.0
2781,Hampton-Dumont,2021,0.0
2781,Hampton-Dumont,2022,0.0
2781,Hampton-Dumont,2023,0.0
2781,Hampton-Dumont,2024,0
2826,Harlan,2017,0.0
2826,Harlan,2018,0.0
2826,Harlan,2019,0.0
2826,Harlan,2020,0.0
2826,Harlan,2021,0.0
2826,Harlan,2022,0.0
2826,Harlan,2023,0.0
2826,Harlan,2024,0
2834,Harmony,2017,6141.0
2834,Harmony,2018,0.0
2846,Harris-Lake Park,2017,0.0
2846,Harris-Lake Park,2018,0.0
2846,Harris-Lake Park,2019,0.0
2846,Harris-Lake Park,2020,0.0
2846,Harris-Lake Park,2021,0.0
2846,Harris-Lake Park,2022,0.0
2846,Harris-Lake Park,2023,0.0
2846,Harris-Lake Park,2024,0
2862,Hartley-Melvin-Sanborn,2017,0.0
2862,Hartley-Melvin-Sanborn,2018,0.0
2862,Hartley-Melvin-Sanborn,2019,0.0
2862,Hartley-Melvin-Sanborn,2020,0.0
2862,Hartley-Melvin-Sanborn,2021,0.0
2862,Hartley-Melvin-Sanborn,2022,0.0
2862,Hartley-Melvin-Sanborn,2023,0.0
2862,Hartley-Melvin-Sanborn,2024,0
2977,Highland,2017,0.0
2977,Highland,2018,0.0
2977,Highland,2019,762.45
2977,Highland,2020,0.0
2977,Highland,2021,0.0
2977,Highland,2022,0.0
2977,Highland,2023,8428.5
2977,Highland,2024,0
2988,Hinton,2017,0.0
2988,Hinton,2018,0.0
2988,Hinton,2019,0.0
2988,Hinton,2020,0.0
2988,Hinton,2021,0.0
2988,Hinton,2022,0.0
2988,Hinton,2023,2949.11
2988,Hinton,2024,16732.99
3029,Howard-Winneshiek,2017,0.0
3029,Howard-Winneshiek,2018,2464.0
3029,Howard-Winneshiek,2019,14916.67
3029,Howard-Winneshiek,2020,4097.77
3029,Howard-Winneshiek,2021,18763.92
3029,Howard-Winneshiek,2022,13173.99
3029,Howard-Winneshiek,2023,7411.25
3029,Howard-Winneshiek,2024,9826.19
3033,Hubbard-Radcliffe,2017,0.0
3033,Hubbard-Radcliffe,2018,0.0
3033,Hubbard-Radcliffe,2019,0.0
3033,Hubbard-Radcliffe,2020,0.0
3033,Hubbard-Radcliffe,2021,0.0
3033,Hubbard-Radcliffe,2022,0.0
3033,Hubbard-Radcliffe,2023,0.0
3033,Hubbard-Radcliffe,2024,0
3042,Hudson,2017,0.0
3042,Hudson,2018,0.0
3042,Hudson,2019,0.0
3042,Hudson,2020,0.0
3042,Hudson,2021,8521.26
3042,Hudson,2022,0.0
3042,Hudson,2023,0.0
3042,Hudson,2024,1000
3060,Humboldt,2017,1500.0
3060,Humboldt,2018,0.0
3060,Humboldt,2019,0.0
3060,Humboldt,2020,0.0
3060,Humboldt,2021,0.0
3060,Humboldt,2022,0.0
3060,Humboldt,2023,0.0
3060,Humboldt,2024,0
3105,Independence,2017,0.0
3105,Independence,2018,0.0
3105,Independence,2019,0.0
3105,Independence,2020,0.0
3105,Independence,2021,0.0
3105,Independence,2022,0.0
3105,Independence,2023,0.0
3105,Independence,2024,10000
3114,Indianola,2017,0.0
3114,Indianola,2018,0.0
3114,Indianola,2019,0.0
3114,Indianola,2020,0.0
3114,Indianola,2021,0.0
3114,Indianola,2022,0.0
3114,Indianola,2023,0.0
3114,Indianola,2024,0
3119,Interstate 35,2017,0.0
3119,Interstate 35,2018,0.0
3119,Interstate 35,2019,0.0
3119,Interstate 35,2020,0.0
3119,Interstate 35,2021,0.0
3119,Interstate 35,2022,0.0
3119,Interstate 35,2023,0.0
3119,Interstate 35,2024,0
3141,Iowa City,2017,172000.0
3141,Iowa City,2018,200000.0
3141,Iowa City,2019,250000.0
3141,Iowa City,2020,300000.0
3141,Iowa City,2021,750000.0
3141,Iowa City,2022,400000.0
3141,Iowa City,2023,900000.0
3141,Iowa City,2024,842404.78
3150,Iowa Falls,2017,0.0
3150,Iowa Falls,2018,0.0
3150,Iowa Falls,2019,0.0
3150,Iowa Falls,2020,0.0
3150,Iowa Falls,2021,5383.12
3150,Iowa Falls,2022,47267.58
3150,Iowa Falls,2023,15000.0
3150,Iowa Falls,2024,9572
3154,Iowa Valley,2017,0.0
3154,Iowa Valley,2018,0.0
3154,Iowa Valley,2019,0.0
3154,Iowa Valley,2020,0.0
3154,Iowa Valley,2021,35850.76
3154,Iowa Valley,2022,0.0
3154,Iowa Valley,2023,0.0
3154,Iowa Valley,2024,0
3168,IKM-Manning,2017,8583.0
3168,IKM-Manning,2018,0.0
3168,IKM-Manning,2019,0.0
3168,IKM-Manning,2020,0.0
3168,IKM-Manning,2021,0.0
3168,IKM-Manning,2022,0.0
3168,IKM-Manning,2023,0.0
3168,IKM-Manning,2024,0
3186,Janesville,2017,0.0
3186,Janesville,2018,0.0
3186,Janesville,2019,1326.5
3186,Janesville,2020,0.0
3186,Janesville,2021,0.0
3186,Janesville,2022,0.0
3186,Janesville,2023,0.0
3186,Janesville,2024,0
3195,Greene County,2017,6484.0
3195,Greene County,2018,0.0
3195,Greene County,2019,6352.65
3195,Greene County,2020,0.0
3195,Greene County,2021,21915.0
3195,Greene County,2022,0.0
3195,Greene County,2023,0.0
3195,Greene County,2024,0
3204,Jesup,2017,0.0
3204,Jesup,2018,0.0
3204,Jesup,2019,0.0
3204,Jesup,2020,0.0
3204,Jesup,2021,0.0
3204,Jesup,2022,0.0
3204,Jesup,2023,0.0
3204,Jesup,2024,0
3231,Johnston,2017,0.0
3231,Johnston,2018,0.0
3231,Johnston,2019,0.0
3231,Johnston,2020,0.0
3231,Johnston,2021,0.0
3231,Johnston,2022,0.0
3231,Johnston,2023,0.0
3231,Johnston,2024,0
3312,Keokuk,2017,0.0
3312,Keokuk,2018,6406.0
3312,Keokuk,2019,15134.94
3312,Keokuk,2020,15022.23
3312,Keokuk,2021,20276.38
3312,Keokuk,2022,24910.71
3312,Keokuk,2023,19319.29
3312,Keokuk,2024,21579.36
3330,Keota,2017,0.0
3330,Keota,2018,0.0
3330,Keota,2019,0.0
3330,Keota,2020,0.0
3330,Keota,2021,0.0
3330,Keota,2022,0.0
3330,Keota,2023,0.0
3330,Keota,2024,0
3348,Kingsley-Pierson,2017,0.0
3348,Kingsley-Pierson,2018,0.0
3348,Kingsley-Pierson,2019,0.0
3348,Kingsley-Pierson,2020,0.0
3348,Kingsley-Pierson,2021,0.0
3348,Kingsley-Pierson,2022,0.0
3348,Kingsley-Pierson,2023,0.0
3348,Kingsley-Pierson,2024,139.75
3375,Knoxville,2017,0.0
3375,Knoxville,2018,0.0
3375,Knoxville,2019,0.0
3375,Knoxville,2020,0.0
3375,Knoxville,2021,0.0
3375,Knoxville,2022,0.0
3375,Knoxville,2023,0.0
3375,Knoxville,2024,0
3420,Lake Mills,2017,0.0
3420,Lake Mills,2018,0.0
3420,Lake Mills,2019,0.0
3420,Lake Mills,2020,0.0
3420,Lake Mills,2021,0.0
3420,Lake Mills,2022,0.0
3420,Lake Mills,2023,0.0
3420,Lake Mills,2024,200
3465,Lamoni,2017,6375.0
3465,Lamoni,2018,0.0
3465,Lamoni,2019,0.0
3465,Lamoni,2020,0.0
3465,Lamoni,2021,0.0
3465,Lamoni,2022,0.0
3465,Lamoni,2023,0.0
3465,Lamoni,2024,0
3537,Laurens-Marathon,2017,0.0
3537,Laurens-Marathon,2018,0.0
3537,Laurens-Marathon,2019,0.0
3537,Laurens-Marathon,2020,0.0
3537,Laurens-Marathon,2021,0.0
3537,Laurens-Marathon,2022,0.0
3537,Laurens-Marathon,2023,0.0
3537,Laurens-Marathon,2024,0
3555,Lawton-Bronson,2017,0.0
3555,Lawton-Bronson,2018,12500.0
3555,Lawton-Bronson,2019,4236.15
3555,Lawton-Bronson,2020,11286.02
3555,Lawton-Bronson,2021,8002.35
3555,Lawton-Bronson,2022,8604.88
3555,Lawton-Bronson,2023,718.59
3555,Lawton-Bronson,2024,11943.32
3582,East Marshall,2017,0.0
3582,East Marshall,2018,0.0
3582,East Marshall,2019,0.0
3582,East Marshall,2020,0.0
3582,East Marshall,2021,0.0
3582,East Marshall,2022,15000.0
3582,East Marshall,2023,0.0
3600,Le Mars,2017,0.0
3600,Le Mars,2018,0.0
3600,Le Mars,2019,0.0
3600,Le Mars,2020,0.0
3600,Le Mars,2021,0.0
3600,Le Mars,2022,0.0
3600,Le Mars,2023,0.0
3600,Le Mars,2024,59611.27
3609,Lenox,2017,0.0
3609,Lenox,2018,0.0
3609,Lenox,2019,0.0
3609,Lenox,2020,0.0
3609,Lenox,2021,0.0
3609,Lenox,2022,0.0
3609,Lenox,2023,0.0
3609,Lenox,2024,0
3645,Lewis Central,2017,0.0
3645,Lewis Central,2018,0.0
3645,Lewis Central,2019,0.0
3645,Lewis Central,2020,0.0
3645,Lewis Central,2021,0.0
3645,Lewis Central,2022,0.0
3645,Lewis Central,2023,0.0
3645,Lewis Central,2024,0
3691,North Cedar,2017,0.0
3691,North Cedar,2018,0.0
3691,North Cedar,2019,0.0
3691,North Cedar,2020,0.0
3691,North Cedar,2021,0.0
3691,North Cedar,2022,0.0
3691,North Cedar,2023,0.0
3691,North Cedar,2024,0
3715,Linn-Mar,2017,12281.0
3715,Linn-Mar,2018,26974.0
3715,Linn-Mar,2019,18378.02
3715,Linn-Mar,2020,16418.73
3715,Linn-Mar,2021,16681.65
3715,Linn-Mar,2022,25043.11
3715,Linn-Mar,2023,23594.9
3715,Linn-Mar,2024,23370.47
3744,Lisbon,2017,3829.0
3744,Lisbon,2018,0.0
3744,Lisbon,2019,0.0
3744,Lisbon,2020,3489.69
3744,Lisbon,2021,38474.33
3744,Lisbon,2022,7268.12
3744,Lisbon,2023,11501.31
3744,Lisbon,2024,0
3798,Logan-Magnolia,2017,0.0
3798,Logan-Magnolia,2018,3937.0
3798,Logan-Magnolia,2019,5200.25
3798,Logan-Magnolia,2020,0.0
3798,Logan-Magnolia,2021,0.0
3798,Logan-Magnolia,2022,0.0
3798,Logan-Magnolia,2023,0.0
3798,Logan-Magnolia,2024,0
3816,Lone Tree,2017,0.0
3816,Lone Tree,2018,0.0
3816,Lone Tree,2019,0.0
3816,Lone Tree,2020,0.0
3816,Lone Tree,2021,0.0
3816,Lone Tree,2022,0.0
3816,Lone Tree,2023,0.0
3816,Lone Tree,2024,6157.09
3841,Louisa-Muscatine,2017,0.0
3841,Louisa-Muscatine,2018,5147.0
3841,Louisa-Muscatine,2019,6300.0
3841,Louisa-Muscatine,2020,6300.0
3841,Louisa-Muscatine,2021,6300.0
3841,Louisa-Muscatine,2022,6300.0
3841,Louisa-Muscatine,2023,6300.0
3841,Louisa-Muscatine,2024,6300
3897,Lu Verne,2017,0.0
3897,Lu Verne,2018,0.0
3897,Lu Verne,2019,0.0
3897,Lu Verne,2020,0.0
3897,Lu Verne,2021,0.0
3897,Lu Verne,2022,0.0
3906,Lynnville-Sully,2017,0.0
3906,Lynnville-Sully,2018,0.0
3906,Lynnville-Sully,2019,0.0
3906,Lynnville-Sully,2020,0.0
3906,Lynnville-Sully,2021,0.0
3906,Lynnville-Sully,2022,0.0
3906,Lynnville-Sully,2023,0.0
3906,Lynnville-Sully,2024,0
3942,Madrid,2017,4707.0
3942,Madrid,2018,3603.0
3942,Madrid,2019,0.0
3942,Madrid,2020,0.0
3942,Madrid,2021,0.0
3942,Madrid,2022,0.0
3942,Madrid,2023,0.0
3942,Madrid,2024,0
3978,East Mills,2017,1935.0
3978,East Mills,2018,1888.0
3978,East Mills,2019,2306.55
3978,East Mills,2020,4194.48
3978,East Mills,2021,8733.8
3978,East Mills,2022,7327.27
3978,East Mills,2023,7304.72
3978,East Mills,2024,3822.89
4023,Manson-Northwest Webster,2017,0.0
4023,Manson-Northwest Webster,2018,0.0
4023,Manson-Northwest Webster,2019,20243.18
4023,Manson-Northwest Webster,2020,5411.74
4023,Manson-Northwest Webster,2021,10227.5
4023,Manson-Northwest Webster,2022,7104.55
4023,Manson-Northwest Webster,2023,8809.5
4023,Manson-Northwest Webster,2024,9005.75
4033,Maple Valley-Anthon Oto,2017,0.0
4033,Maple Valley-Anthon Oto,2018,0.0
4033,Maple Valley-Anthon Oto,2019,0.0
4033,Maple Valley-Anthon Oto,2020,0.0
4033,Maple Valley-Anthon Oto,2021,0.0
4033,Maple Valley-Anthon Oto,2022,0.0
4033,Maple Valley-Anthon Oto,2023,0.0
4033,Maple Valley-Anthon Oto,2024,0
4041,Maquoketa,2017,0.0
4041,Maquoketa,2018,0.0
4041,Maquoketa,2019,0.0
4041,Maquoketa,2020,0.0
4041,Maquoketa,2021,0.0
4041,Maquoketa,2022,0.0
4041,Maquoketa,2023,0.0
4041,Maquoketa,2024,0
4043,Maquoketa Valley,2017,0.0
4043,Maquoketa Valley,2018,0.0
4043,Maquoketa Valley,2019,0.0
4043,Maquoketa Valley,2020,0.0
4043,Maquoketa Valley,2021,0.0
4043,Maquoketa Valley,2022,0.0
4043,Maquoketa Valley,2023,0.0
4043,Maquoketa Valley,2024,0
4068,Marcus-Meriden Cleghorn,2017,0.0
4068,Marcus-Meriden Cleghorn,2018,0.0
4068,Marcus-Meriden Cleghorn,2019,0.0
4068,Marcus-Meriden Cleghorn,2020,0.0
4068,Marcus-Meriden Cleghorn,2021,0.0
4068,Marcus-Meriden Cleghorn,2022,0.0
4068,Marcus-Meriden Cleghorn,2023,0.0
4068,Marcus-Meriden Cleghorn,2024,6470
4086,Marion,2017,0.0
4086,Marion,2018,0.0
4086,Marion,2019,0.0
4086,Marion,2020,0.0
4086,Marion,2021,0.0
4086,Marion,2022,0.0
4086,Marion,2023,0.0
4086,Marion,2024,0
4104,Marshalltown,2017,50089.0
4104,Marshalltown,2018,0.0
4104,Marshalltown,2019,64.42
4104,Marshalltown,2020,0.0
4104,Marshalltown,2021,0.0
4104,Marshalltown,2022,0.0
4104,Marshalltown,2023,0.0
4104,Marshalltown,2024,0
4122,Martensdale-St Marys,2017,2193.0
4122,Martensdale-St Marys,2018,0.0
4122,Martensdale-St Marys,2019,0.0
4122,Martensdale-St Marys,2020,0.0
4122,Martensdale-St Marys,2021,0.0
4122,Martensdale-St Marys,2022,0.0
4122,Martensdale-St Marys,2023,0.0
4122,Martensdale-St Marys,2024,23702.45
4131,Mason City,2017,1116.0
4131,Mason City,2018,0.0
4131,Mason City,2019,14267.5
4131,Mason City,2020,0.0
4131,Mason City,2021,0.0
4131,Mason City,2022,0.0
4131,Mason City,2023,0.0
4131,Mason City,2024,0
4149,Moc-Floyd Valley,2017,0.0
4149,Moc-Floyd Valley,2018,0.0
4149,Moc-Floyd Valley,2019,0.0
4149,Moc-Floyd Valley,2020,0.0
4149,Moc-Floyd Valley,2021,8000.82
4149,Moc-Floyd Valley,2022,0.0
4149,Moc-Floyd Valley,2023,0.0
4149,Moc-Floyd Valley,2024,0
4203,Mediapolis,2017,5034.0
4203,Mediapolis,2018,5473.0
4203,Mediapolis,2019,4126.1
4203,Mediapolis,2020,3576.85
4203,Mediapolis,2021,6808.55
4203,Mediapolis,2022,31459.25
4203,Mediapolis,2023,6455.78
4203,Mediapolis,2024,6872.8
4212,Melcher-Dallas,2017,0.0
4212,Melcher-Dallas,2018,0.0
4212,Melcher-Dallas,2019,0.0
4212,Melcher-Dallas,2020,2252.75
4212,Melcher-Dallas,2021,0.0
4212,Melcher-Dallas,2022,0.0
4212,Melcher-Dallas,2023,0.0
4212,Melcher-Dallas,2024,0
4269,Midland,2017,0.0
4269,Midland,2018,0.0
4269,Midland,2019,0.0
4269,Midland,2020,0.0
4269,Midland,2021,0.0
4269,Midland,2022,0.0
4269,Midland,2023,0.0
4269,Midland,2024,4366.79
4271,Mid-Prairie,2017,9690.0
4271,Mid-Prairie,2018,8333.0
4271,Mid-Prairie,2019,8888.86
4271,Mid-Prairie,2020,0.0
4271,Mid-Prairie,2021,0.0
4271,Mid-Prairie,2022,12838.74
4271,Mid-Prairie,2023,0.0
4271,Mid-Prairie,2024,0
4356,Missouri Valley,2017,0.0
4356,Missouri Valley,2018,6974.0
4356,Missouri Valley,2019,7939.42
4356,Missouri Valley,2020,12053.08
4356,Missouri Valley,2021,11426.32
4356,Missouri Valley,2022,10364.49
4356,Missouri Valley,2023,0.0
4356,Missouri Valley,2024,21590.16
4419,MFL Mar Mac,2017,0.0
4419,MFL Mar Mac,2018,3875.0
4419,MFL Mar Mac,2019,0.0
4419,MFL Mar Mac,2020,0.0
4419,MFL Mar Mac,2021,0.0
4419,MFL Mar Mac,2022,0.0
4419,MFL Mar Mac,2023,0.0
4419,MFL Mar Mac,2024,0
4437,Montezuma,2017,0.0
4437,Montezuma,2018,0.0
4437,Montezuma,2019,0.0
4437,Montezuma,2020,0.0
4437,Montezuma,2021,0.0
4437,Montezuma,2022,0.0
4437,Montezuma,2023,0.0
4437,Montezuma,2024,0
4446,Monticello,2017,0.0
4446,Monticello,2018,0.0
4446,Monticello,2019,0.0
4446,Monticello,2020,0.0
4446,Monticello,2021,0.0
4446,Monticello,2022,0.0
4446,Monticello,2023,0.0
4446,Monticello,2024,0
4491,Moravia,2017,0.0
4491,Moravia,2018,0.0
4491,Moravia,2019,0.0
4491,Moravia,2020,0.0
4491,Moravia,2021,0.0
4491,Moravia,2022,10000.0
4491,Moravia,2023,20000.0
4491,Moravia,2024,0
4505,Mormon Trail,2017,0.0
4505,Mormon Trail,2018,0.0
4505,Mormon Trail,2019,0.0
4505,Mormon Trail,2020,0.0
4505,Mormon Trail,2021,0.0
4505,Mormon Trail,2022,0.0
4505,Mormon Trail,2023,0.0
4505,Mormon Trail,2024,0
4509,Morning Sun,2017,0.0
4509,Morning Sun,2018,0.0
4509,Morning Sun,2019,0.0
4509,Morning Sun,2020,0.0
4509,Morning Sun,2021,0.0
4509,Morning Sun,2022,0.0
4509,Morning Sun,2023,0.0
4509,Morning Sun,2024,0
4518,Moulton-Udell,2017,0.0
4518,Moulton-Udell,2018,0.0
4518,Moulton-Udell,2019,0.0
4518,Moulton-Udell,2020,0.0
4518,Moulton-Udell,2021,0.0
4518,Moulton-Udell,2022,0.0
4518,Moulton-Udell,2023,0.0
4518,Moulton-Udell,2024,0
4527,Mount Ayr,2017,0.0
4527,Mount Ayr,2018,0.0
4527,Mount Ayr,2019,9053.4
4527,Mount Ayr,2020,7123.05
4527,Mount Ayr,2021,10667.93
4527,Mount Ayr,2022,14907.3
4527,Mount Ayr,2023,0.0
4527,Mount Ayr,2024,10728.2
4536,Mount Pleasant,2017,0.0
4536,Mount Pleasant,2018,0.0
4536,Mount Pleasant,2019,0.0
4536,Mount Pleasant,2020,0.0
4536,Mount Pleasant,2021,0.0
4536,Mount Pleasant,2022,0.0
4536,Mount Pleasant,2023,0.0
4536,Mount Pleasant,2024,0
4554,Mount Vernon,2017,0.0
4554,Mount Vernon,2018,0.0
4554,Mount Vernon,2019,8963.67
4554,Mount Vernon,2020,0.0
4554,Mount Vernon,2021,0.0
4554,Mount Vernon,2022,0.0
4554,Mount Vernon,2023,0.0
4554,Mount Vernon,2024,3261.95
4572,Murray,2017,0.0
4572,Murray,2018,0.0
4572,Murray,2019,0.0
4572,Murray,2020,0.0
4572,Murray,2021,0.0
4572,Murray,2022,0.0
4572,Murray,2023,0.0
4572,Murray,2024,0
4581,Muscatine,2017,0.0
4581,Muscatine,2018,0.0
4581,Muscatine,2019,0.0
4581,Muscatine,2020,0.0
4581,Muscatine,2021,0.0
4581,Muscatine,2022,0.0
4581,Muscatine,2023,0.0
4581,Muscatine,2024,0
4599,Nashua-Plainfield,2017,0.0
4599,Nashua-Plainfield,2018,0.0
4599,Nashua-Plainfield,2019,0.0
4599,Nashua-Plainfield,2020,0.0
4599,Nashua-Plainfield,2021,0.0
4599,Nashua-Plainfield,2022,59208.07
4599,Nashua-Plainfield,2023,29617.14
4599,Nashua-Plainfield,2024,0
4617,Nevada,2017,0.0
4617,Nevada,2018,0.0
4617,Nevada,2019,0.0
4617,Nevada,2020,0.0
4617,Nevada,2021,0.0
4617,Nevada,2022,25000.0
4617,Nevada,2023,0.0
4617,Nevada,2024,0
4644,Newell-Fonda,2017,0.0
4644,Newell-Fonda,2018,0.0
4644,Newell-Fonda,2019,0.0
4644,Newell-Fonda,2020,0.0
4644,Newell-Fonda,2021,0.0
4644,Newell-Fonda,2022,0.0
4644,Newell-Fonda,2023,0.0
4644,Newell-Fonda,2024,0
4662,New Hampton,2017,0.0
4662,New Hampton,2018,0.0
4662,New Hampton,2019,0.0
4662,New Hampton,2020,0.0
4662,New Hampton,2021,0.0
4662,New Hampton,2022,0.0
4662,New Hampton,2023,0.0
4662,New Hampton,2024,0
4689,New London,2017,0.0
4689,New London,2018,0.0
4689,New London,2019,0.0
4689,New London,2020,0.0
4689,New London,2021,0.0
4689,New London,2022,0.0
4689,New London,2023,0.0
4689,New London,2024,0
4725,Newton,2017,0.0
4725,Newton,2018,0.0
4725,Newton,2019,0.0
4725,Newton,2020,0.0
4725,Newton,2021,0.0
4725,Newton,2022,0.0
4725,Newton,2023,0.0
4725,Newton,2024,0
4772,Central Springs,2017,0.0
4772,Central Springs,2018,0.0
4772,Central Springs,2019,0.0
4772,Central Springs,2020,0.0
4772,Central Springs,2021,0.0
4772,Central Springs,2022,0.0
4772,Central Springs,2023,0.0
4772,Central Springs,2024,0
4773,Northeast,2017,0.0
4773,Northeast,2018,0.0
4773,Northeast,2019,0.0
4773,Northeast,2020,0.0
4773,Northeast,2021,3656.71
4773,Northeast,2022,0.0
4773,Northeast,2023,0.0
4773,Northeast,2024,0
4774,North Fayette Valley,2017,0.0
4774,North Fayette Valley,2018,0.0
4774,North Fayette Valley,2019,0.0
4774,North Fayette Valley,2020,0.0
4774,North Fayette Valley,2021,0.0
4774,North Fayette Valley,2022,20000.0
4774,North Fayette Valley,2023,11325.35
4774,North Fayette Valley,2024,8894
4775,Northeast Hamilton,2017,0.0
4775,Northeast Hamilton,2018,0.0
4776,North Mahaska,2017,0.0
4776,North Mahaska,2018,0.0
4776,North Mahaska,2019,0.0
4776,North Mahaska,2020,0.0
4776,North Mahaska,2021,0.0
4776,North Mahaska,2022,0.0
4776,North Mahaska,2023,0.0
4776,North Mahaska,2024,0
4777,North Linn,2017,0.0
4777,North Linn,2018,0.0
4777,North Linn,2019,0.0
4777,North Linn,2020,0.0
4777,North Linn,2021,0.0
4777,North Linn,2022,0.0
4777,North Linn,2023,0.0
4777,North Linn,2024,2948.1
4778,North Kossuth,2017,0.0
4778,North Kossuth,2018,0.0
4778,North Kossuth,2019,0.0
4778,North Kossuth,2020,0.0
4778,North Kossuth,2021,0.0
4778,North Kossuth,2022,0.0
4778,North Kossuth,2023,0.0
4778,North Kossuth,2024,0
4779,North Polk,2017,0.0
4779,North Polk,2018,0.0
4779,North Polk,2019,0.0
4779,North Polk,2020,0.0
4779,North Polk,2021,0.0
4779,North Polk,2022,10000.0
4779,North Polk,2023,10000.0
4779,North Polk,2024,10000
4784,North Scott,2017,25000.0
4784,North Scott,2018,0.0
4784,North Scott,2019,25000.0
4784,North Scott,2020,5000.0
4784,North Scott,2021,24889.73
4784,North Scott,2022,25000.0
4784,North Scott,2023,25000.0
4784,North Scott,2024,30882.61
4785,North Tama,2017,0.0
4785,North Tama,2018,0.0
4785,North Tama,2019,0.0
4785,North Tama,2020,27320.48
4785,North Tama,2021,0.0
4785,North Tama,2022,17371.54
4785,North Tama,2023,0.0
4785,North Tama,2024,0
4787,North Winneshiek,2017,0.0
4787,North Winneshiek,2018,0.0
4788,Northwood-Kensett,2017,0.0
4788,Northwood-Kensett,2018,0.0
4788,Northwood-Kensett,2019,0.0
4788,Northwood-Kensett,2020,0.0
4788,Northwood-Kensett,2021,0.0
4788,Northwood-Kensett,2022,0.0
4788,Northwood-Kensett,2023,0.0
4788,Northwood-Kensett,2024,0
4797,Norwalk,2017,0.0
4797,Norwalk,2018,0.0
4797,Norwalk,2019,3205.47
4797,Norwalk,2020,527.0
4797,Norwalk,2021,0.0
4797,Norwalk,2022,0.0
4797,Norwalk,2023,0.0
4797,Norwalk,2024,0
4824,Riverside,2017,0.0
4824,Riverside,2018,0.0
4824,Riverside,2019,0.0
4824,Riverside,2020,0.0
4824,Riverside,2021,0.0
4824,Riverside,2022,0.0
4824,Riverside,2023,0.0
4860,Odebolt Arthur Battle Creek Ida Grove,2017,0.0
4860,Odebolt Arthur Battle Creek Ida Grove,2018,0.0
4860,Odebolt Arthur Battle Creek Ida Grove,2019,0.0
4860,Odebolt Arthur Battle Creek Ida Grove,2020,0.0
4860,Odebolt Arthur Battle Creek Ida Grove,2021,0.0
4860,Odebolt Arthur Battle Creek Ida Grove,2022,0.0
4860,Odebolt Arthur Battle Creek Ida Grove,2023,0.0
4860,Odebolt Arthur Battle Creek Ida Grove,2024,0
4869,Oelwein,2017,0.0
4869,Oelwein,2018,10.0
4869,Oelwein,2019,0.0
4869,Oelwein,2020,0.0
4869,Oelwein,2021,0.0
4869,Oelwein,2022,40000.0
4869,Oelwein,2023,17093.02
4869,Oelwein,2024,40
4878,Ogden,2017,0.0
4878,Ogden,2018,0.0
4878,Ogden,2019,0.0
4878,Ogden,2020,4000.0
4878,Ogden,2021,5000.0
4878,Ogden,2022,5000.0
4878,Ogden,2023,5000.0
4878,Ogden,2024,5000
4890,Okoboji,2017,157.0
4890,Okoboji,2018,0.0
4890,Okoboji,2019,0.0
4890,Okoboji,2020,0.0
4890,Okoboji,2021,0.0
4890,Okoboji,2022,0.0
4890,Okoboji,2023,0.0
4890,Okoboji,2024,0
4905,Olin,2017,0.0
4905,Olin,2018,0.0
4905,Olin,2019,0.0
4905,Olin,2020,0.0
4905,Olin,2021,0.0
4905,Olin,2022,0.0
4905,Olin,2023,0.0
4905,Olin,2024,0
4978,Orient-Macksburg,2017,3751.0
4978,Orient-Macksburg,2018,0.0
4978,Orient-Macksburg,2019,0.0
4978,Orient-Macksburg,2020,0.0
4978,Orient-Macksburg,2021,0.0
4978,Orient-Macksburg,2022,0.0
4978,Orient-Macksburg,2023,7260.0
4978,Orient-Macksburg,2024,0
4995,Osage,2017,0.0
4995,Osage,2018,0.0
4995,Osage,2019,0.0
4995,Osage,2020,0.0
4995,Osage,2021,0.0
4995,Osage,2022,0.0
4995,Osage,2023,0.0
4995,Osage,2024,0
5013,Oskaloosa,2017,0.0
5013,Oskaloosa,2018,0.0
5013,Oskaloosa,2019,0.0
5013,Oskaloosa,2020,0.0
5013,Oskaloosa,2021,0.0
5013,Oskaloosa,2022,0.0
5013,Oskaloosa,2023,0.0
5013,Oskaloosa,2024,0
5049,Ottumwa,2017,0.0
5049,Ottumwa,2018,0.0
5049,Ottumwa,2019,8500.0
5049,Ottumwa,2020,15500.0
5049,Ottumwa,2021,15575.11
5049,Ottumwa,2022,17709.1
5049,Ottumwa,2023,20000.0
5049,Ottumwa,2024,20000
5121,Panorama,2017,0.0
5121,Panorama,2018,0.0
5121,Panorama,2019,0.0
5121,Panorama,2020,0.0
5121,Panorama,2021,0.0
5121,Panorama,2022,0.0
5121,Panorama,2023,0.0
5121,Panorama,2024,0
5139,Paton-Churdan,2017,0.0
5139,Paton-Churdan,2018,0.0
5139,Paton-Churdan,2019,0.0
5139,Paton-Churdan,2020,0.0
5139,Paton-Churdan,2021,0.0
5139,Paton-Churdan,2022,15180.0
5139,Paton-Churdan,2023,0.0
5139,Paton-Churdan,2024,0
5157,South O'Brien,2017,0.0
5157,South O'Brien,2018,0.0
5157,South O'Brien,2019,0.0
5157,South O'Brien,2020,0.0
5157,South O'Brien,2021,0.0
5157,South O'Brien,2022,0.0
5157,South O'Brien,2023,7883.58
5160,,2024,24245.97
5163,Pekin,2017,0.0
5163,Pekin,2018,0.0
5163,Pekin,2019,0.0
5163,Pekin,2020,0.0
5163,Pekin,2021,0.0
5163,Pekin,2022,0.0
5163,Pekin,2023,0.0
5163,Pekin,2024,0
5166,Pella,2017,0.0
5166,Pella,2018,0.0
5166,Pella,2019,0.0
5166,Pella,2020,0.0
5166,Pella,2021,40000.0
5166,Pella,2022,0.0
5166,Pella,2023,0.0
5166,Pella,2024,0
5184,Perry,2017,9036.0
5184,Perry,2018,9687.0
5184,Perry,2019,9481.43
5184,Perry,2020,10000.0
5184,Perry,2021,9404.88
5184,Perry,2022,8282.75
5184,Perry,2023,11257.38
5184,Perry,2024,13512.64
5250,Pleasant Valley,2017,6528.0
5250,Pleasant Valley,2018,12745.0
5250,Pleasant Valley,2019,21925.87
5250,Pleasant Valley,2020,15570.89
5250,Pleasant Valley,2021,22272.58
5250,Pleasant Valley,2022,19500.56
5250,Pleasant Valley,2023,23861.3
5250,Pleasant Valley,2024,36982.45
5256,Pleasantville,2017,30.0
5256,Pleasantville,2018,0.0
5256,Pleasantville,2019,0.0
5256,Pleasantville,2020,0.0
5256,Pleasantville,2021,0.0
5256,Pleasantville,2022,0.0
5256,Pleasantville,2023,0.0
5256,Pleasantville,2024,0
5283,Pocahontas Area,2017,0.0
5283,Pocahontas Area,2018,0.0
5283,Pocahontas Area,2019,0.0
5283,Pocahontas Area,2020,0.0
5283,Pocahontas Area,2021,0.0
5283,Pocahontas Area,2022,0.0
5283,Pocahontas Area,2023,0.0
5283,Pocahontas Area,2024,0
5310,Postville,2017,2097.0
5310,Postville,2018,5842.0
5310,Postville,2019,5695.2
5310,Postville,2020,4239.15
5310,Postville,2021,17701.99
5310,Postville,2022,2169.48
5310,Postville,2023,7712.38
5310,Postville,2024,7010.84
5319,PCM,2017,0.0
5319,PCM,2018,1288.0
5319,PCM,2019,8565.14
5319,PCM,2020,4803.4
5319,PCM,2021,0.0
5319,PCM,2022,0.0
5319,PCM,2023,0.0
5323,Prairie Valley,2017,0.0
5323,Prairie Valley,2018,0.0
5323,Prairie Valley,2019,0.0
5323,Prairie Valley,2020,0.0
5323,Prairie Valley,2021,0.0
5323,Prairie Valley,2022,0.0
5328,Prescott,2017,0.0
5329,Prescott,2017,0.0
5341,Prescott,2017,0.0
5353,Prescott,2017,0.0
5365,Prescott,2017,0.0
5377,Prescott,2017,0.0
5389,Prescott,2017,0.0
5401,Prescott,2017,0.0
5413,Prescott,2017,0.0
5425,Prescott,2017,0.0
5437,Prescott,2017,0.0
5449,Prescott,2017,0.0
5461,Prescott,2017,0.0
5463,Red Oak,2017,0.0
5463,Red Oak,2018,0.0
5463,Red Oak,2019,0.0
5463,Red Oak,2020,0.0
5463,Red Oak,2021,0.0
5463,Red Oak,2022,0.0
5463,Red Oak,2023,6512.4
5463,Red Oak,2024,11406.11
5473,Prescott,2017,0.0
5485,Prescott,2017,0.0
5486,Remsen-Union,2017,0.0
5486,Remsen-Union,2018,0.0
5486,Remsen-Union,2019,0.0
5486,Remsen-Union,2020,0.0
5486,Remsen-Union,2021,0.0
5486,Remsen-Union,2022,0.0
5486,Remsen-Union,2023,0.0
5486,Remsen-Union,2024,0
5497,Prescott,2017,0.0
5508,Riceville,2017,0.0
5508,Riceville,2018,0.0
5508,Riceville,2019,0.0
5508,Riceville,2020,0.0
5508,Riceville,2021,0.0
5508,Riceville,2022,0.0
5508,Riceville,2023,0.0
5508,Riceville,2024,0
5509,Prescott,2017,0.0
5510,Prescott,2024,0
5521,Prescott,2017,0.0
5533,Prescott,2017,0.0
5545,Prescott,2017,0.0
5607,Rock Valley,2017,0.0
5607,Rock Valley,2018,10487.0
5607,Rock Valley,2019,0.0
5607,Rock Valley,2020,0.0
5607,Rock Valley,2021,0.0
5607,Rock Valley,2022,50000.0
5607,Rock Valley,2023,15162.0
5607,Rock Valley,2024,11347
5643,Roland-Story,2017,0.0
5643,Roland-Story,2018,0.0
5643,Roland-Story,2019,0.0
5643,Roland-Story,2020,0.0
5643,Roland-Story,2021,0.0
5643,Roland-Story,2022,0.0
5643,Roland-Story,2023,0.0
5643,Roland-Story,2024,0
5697,Rudd-Rockford-Marble Rock,2017,0.0
5697,Rudd-Rockford-Marble Rock,2018,0.0
5697,Rudd-Rockford-Marble Rock,2019,0.0
5697,Rudd-Rockford-Marble Rock,2020,0.0
5697,Rudd-Rockford-Marble Rock,2021,0.0
5697,Rudd-Rockford-Marble Rock,2022,0.0
5697,Rudd-Rockford-Marble Rock,2023,0.0
5697,Rudd-Rockford-Marble Rock,2024,0
5724,Ruthven-Ayrshire,2017,0.0
5724,Ruthven-Ayrshire,2018,0.0
5724,Ruthven-Ayrshire,2019,1530.84
5724,Ruthven-Ayrshire,2020,0.0
5724,Ruthven-Ayrshire,2021,0.0
5724,Ruthven-Ayrshire,2022,0.0
5724,Ruthven-Ayrshire,2023,0.0
5724,Ruthven-Ayrshire,2024,0
5751,St Ansgar,2017,1461.0
5751,St Ansgar,2018,5009.0
5751,St Ansgar,2019,7100.05
5751,St Ansgar,2020,6944.91
5751,St Ansgar,2021,11966.42
5751,St Ansgar,2022,6483.0
5751,St Ansgar,2023,12871.0
5751,St Ansgar,2024,11013
5805,Saydel,2017,0.0
5805,Saydel,2018,0.0
5805,Saydel,2019,0.0
5805,Saydel,2020,0.0
5805,Saydel,2021,0.0
5805,Saydel,2022,0.0
5805,Saydel,2023,0.0
5805,Saydel,2024,0
5823,Schaller-Crestland,2017,0.0
5823,Schaller-Crestland,2018,0.0
5823,Schaller-Crestland,2019,0.0
5823,Schaller-Crestland,2020,0.0
5823,Schaller-Crestland,2021,0.0
5823,Schaller-Crestland,2022,0.0
5823,Schaller-Crestland,2023,0.0
5823,Schaller-Crestland,2024,0
5832,Schleswig,2017,0.0
5832,Schleswig,2018,0.0
5832,Schleswig,2019,0.0
5832,Schleswig,2020,0.0
5832,Schleswig,2021,0.0
5832,Schleswig,2022,0.0
5832,Schleswig,2023,0.0
5832,Schleswig,2024,0
5877,Sergeant Bluff-Luton,2017,3565.0
5877,Sergeant Bluff-Luton,2018,4227.0
5877,Sergeant Bluff-Luton,2019,4369.25
5877,Sergeant Bluff-Luton,2020,0.0
5877,Sergeant Bluff-Luton,2021,4642.66
5877,Sergeant Bluff-Luton,2022,4964.9
5877,Sergeant Bluff-Luton,2023,5032.95
5877,Sergeant Bluff-Luton,2024,4871.01
5895,Seymour,2017,0.0
5895,Seymour,2018,0.0
5895,Seymour,2019,0.0
5895,Seymour,2020,0.0
5895,Seymour,2021,0.0
5895,Seymour,2022,0.0
5895,Seymour,2023,7500.0
5895,Seymour,2024,0
5922,West Fork,2017,8361.0
5922,West Fork,2018,0.0
5922,West Fork,2019,6319.31
5922,West Fork,2020,0.0
5922,West Fork,2021,0.0
5922,West Fork,2022,46917.38
5922,West Fork,2023,16895.54
5922,West Fork,2024,5100.53
5949,Sheldon,2017,0.0
5949,Sheldon,2018,5000.0
5949,Sheldon,2019,5000.0
5949,Sheldon,2020,5000.0
5949,Sheldon,2021,35000.0
5949,Sheldon,2022,5000.0
5949,Sheldon,2023,5000.0
5949,Sheldon,2024,5000
5976,Shenandoah,2017,37081.0
5976,Shenandoah,2018,0.0
5976,Shenandoah,2019,0.0
5976,Shenandoah,2020,0.0
5976,Shenandoah,2021,0.0
5976,Shenandoah,2022,0.0
5976,Shenandoah,2023,0.0
5976,Shenandoah,2024,0
5994,Sibley-Ocheyedan,2017,6744.0
5994,Sibley-Ocheyedan,2018,4776.0
5994,Sibley-Ocheyedan,2019,4436.3
5994,Sibley-Ocheyedan,2020,2412.39
5994,Sibley-Ocheyedan,2021,14617.81
5994,Sibley-Ocheyedan,2022,5664.47
5994,Sibley-Ocheyedan,2023,4987.21
5994,Sibley-Ocheyedan,2024,15229.86
6003,Sidney,2017,15756.0
6003,Sidney,2018,0.0
6003,Sidney,2019,0.0
6003,Sidney,2020,0.0
6003,Sidney,2021,24000.0
6003,Sidney,2022,9674.92
6003,Sidney,2023,4747.64
6003,Sidney,2024,0
6012,Sigourney,2017,0.0
6012,Sigourney,2018,0.0
6012,Sigourney,2019,0.0
6012,Sigourney,2020,0.0
6012,Sigourney,2021,0.0
6012,Sigourney,2022,0.0
6012,Sigourney,2023,0.0
6012,Sigourney,2024,0
6030,Sioux Center,2017,0.0
6030,Sioux Center,2018,0.0
6030,Sioux Center,2019,0.0
6030,Sioux Center,2020,0.0
6030,Sioux Center,2021,0.0
6030,Sioux Center,2022,0.0
6030,Sioux Center,2023,0.0
6030,Sioux Center,2024,4050
6035,,2024,9931.21
6039,Sioux City,2017,0.0
6039,Sioux City,2018,34324.0
6039,Sioux City,2019,104408.0
6039,Sioux City,2020,14952.45
6039,Sioux City,2021,15000.0
6039,Sioux City,2022,15000.0
6039,Sioux City,2023,15000.0
6039,Sioux City,2024,15000
6048,Sioux Central,2017,0.0
6048,Sioux Central,2018,0.0
6048,Sioux Central,2019,0.0
6048,Sioux Central,2020,0.0
6048,Sioux Central,2021,0.0
6048,Sioux Central,2022,1203.33
6048,Sioux Central,2023,11295.19
6091,South Central Calhoun,2017,8033.0
6091,South Central Calhoun,2018,10197.0
6091,South Central Calhoun,2019,17393.33
6091,South Central Calhoun,2020,15694.33
6091,South Central Calhoun,2021,10505.67
6091,South Central Calhoun,2022,8113.6
6091,South Central Calhoun,2023,17959.38
6091,South Central Calhoun,2024,9479.52
6093,Solon,2017,0.0
6093,Solon,2018,5000.0
6093,Solon,2019,5000.0
6093,Solon,2020,22000.0
6093,Solon,2021,11000.0
6093,Solon,2022,12398.24
6093,Solon,2023,15000.0
6093,Solon,2024,6968.05
6094,Southeast Warren,2017,4795.0
6094,Southeast Warren,2018,7335.0
6094,Southeast Warren,2019,6614.65
6094,Southeast Warren,2020,7158.09
6094,Southeast Warren,2021,8003.68
6094,Southeast Warren,2022,5080.99
6094,Southeast Warren,2023,6709.91
6094,Southeast Warren,2024,2451.6
6095,South Hamilton,2017,0.0
6095,South Hamilton,2018,4815.0
6095,South Hamilton,2019,4973.16
6095,South Hamilton,2020,0.0
6095,South Hamilton,2021,3831.75
6095,South Hamilton,2022,2908.57
6095,South Hamilton,2023,5216.98
6095,South Hamilton,2024,634.87
6096,Southeast Valley,2017,0.0
6096,Southeast Valley,2018,0.0
6096,Southeast Valley,2019,0.0
6096,Southeast Valley,2020,0.0
6096,Southeast Valley,2021,0.0
6096,Southeast Valley,2022,0.0
6096,Southeast Valley,2023,0.0
6096,Southeast Valley,2024,0
6097,South Page,2017,0.0
6097,South Page,2018,0.0
6097,South Page,2019,0.0
6097,South Page,2020,0.0
6097,South Page,2021,0.0
6097,South Page,2022,0.0
6097,South Page,2023,0.0
6097,South Page,2024,2687.3
6098,South Tama,2017,0.0
6098,South Tama,2018,0.0
6098,South Tama,2019,0.0
6098,South Tama,2020,0.0
6098,South Tama,2021,0.0
6098,South Tama,2022,0.0
6098,South Tama,2023,0.0
6098,South Tama,2024,7968.78
6099,,2024,0
6100,South Winneshiek,2017,0.0
6100,South Winneshiek,2018,0.0
6100,South Winneshiek,2019,0.0
6100,South Winneshiek,2020,0.0
6100,South Winneshiek,2021,0.0
6100,South Winneshiek,2022,0.0
6100,South Winneshiek,2023,0.0
6100,South Winneshiek,2024,0
6101,Southeast Polk,2017,0.0
6101,Southeast Polk,2018,0.0
6101,Southeast Polk,2019,0.0
6101,Southeast Polk,2020,0.0
6101,Southeast Polk,2021,0.0
6101,Southeast Polk,2022,0.0
6101,Southeast Polk,2023,0.0
6101,Southeast Polk,2024,4033.25
6102,Spencer,2017,7700.0
6102,Spencer,2018,14809.0
6102,Spencer,2019,10985.87
6102,Spencer,2020,12061.43
6102,Spencer,2021,21611.95
6102,Spencer,2022,11197.64
6102,Spencer,2023,31712.63
6102,Spencer,2024,22363.33
6120,Spirit Lake,2017,0.0
6120,Spirit Lake,2018,10280.0
6120,Spirit Lake,2019,0.0
6120,Spirit Lake,2020,11543.35
6120,Spirit Lake,2021,27704.34
6120,Spirit Lake,2022,17972.02
6120,Spirit Lake,2023,18854.96
6120,Spirit Lake,2024,29877.26
6138,Springville,2017,2420.0
6138,Springville,2018,0.0
6138,Springville,2019,0.0
6138,Springville,2020,0.0
6138,Springville,2021,0.0
6138,Springville,2022,0.0
6138,Springville,2023,0.0
6138,Springville,2024,0
6165,Stanton,2017,0.0
6165,Stanton,2018,0.0
6165,Stanton,2019,0.0
6165,Stanton,2020,0.0
6165,Stanton,2021,0.0
6165,Stanton,2022,0.0
6165,Stanton,2023,0.0
6165,Stanton,2024,0
6175,Starmont,2017,0.0
6175,Starmont,2018,0.0
6175,Starmont,2019,0.0
6175,Starmont,2020,0.0
6175,Starmont,2021,0.0
6175,Starmont,2022,1132.07
6175,Starmont,2023,0.0
6175,Starmont,2024,0
6219,Storm Lake,2017,0.0
6219,Storm Lake,2018,5000.0
6219,Storm Lake,2019,5000.0
6219,Storm Lake,2020,5000.0
6219,Storm Lake,2021,5000.0
6219,Storm Lake,2022,5000.0
6219,Storm Lake,2023,96000.0
6219,Storm Lake,2024,5000
6246,Stratford,2017,0.0
6246,Stratford,2018,0.0
6246,Stratford,2019,0.0
6246,Stratford,2020,0.0
6246,Stratford,2021,0.0
6246,Stratford,2022,0.0
6246,Stratford,2023,0.0
6246,Stratford,2024,0
6264,West Central Valley,2017,0.0
6264,West Central Valley,2018,0.0
6264,West Central Valley,2019,0.0
6264,West Central Valley,2020,0.0
6264,West Central Valley,2021,0.0
6264,West Central Valley,2022,0.0
6264,West Central Valley,2023,0.0
6264,West Central Valley,2024,0
6273,Sumner-Fredericksburg,2017,190.0
6273,Sumner-Fredericksburg,2018,0.0
6273,Sumner-Fredericksburg,2019,0.0
6273,Sumner-Fredericksburg,2020,0.0
6273,Sumner-Fredericksburg,2021,0.0
6273,Sumner-Fredericksburg,2022,0.0
6273,Sumner-Fredericksburg,2023,0.0
6273,Sumner-Fredericksburg,2024,0
6408,Tipton,2017,0.0
6408,Tipton,2018,3424.0
6408,Tipton,2019,10806.17
6408,Tipton,2020,7073.35
6408,Tipton,2021,6701.02
6408,Tipton,2022,15803.44
6408,Tipton,2023,11855.53
6408,Tipton,2024,12722.1
6453,Treynor,2017,0.0
6453,Treynor,2018,0.0
6453,Treynor,2019,14194.99
6453,Treynor,2020,0.0
6453,Treynor,2021,0.0
6453,Treynor,2022,0.0
6453,Treynor,2023,0.0
6453,Treynor,2024,0
6460,Tri-Center,2017,0.0
6460,Tri-Center,2018,0.0
6460,Tri-Center,2019,0.0
6460,Tri-Center,2020,0.0
6460,Tri-Center,2021,800.0
6460,Tri-Center,2022,2110.89
6460,Tri-Center,2023,0.0
6460,Tri-Center,2024,0
6462,Tri-County,2017,0.0
6462,Tri-County,2018,0.0
6462,Tri-County,2019,0.0
6462,Tri-County,2020,0.0
6462,Tri-County,2021,0.0
6462,Tri-County,2022,15000.0
6462,Tri-County,2023,0.0
6462,Tri-County,2024,0
6471,Tripoli,2017,0.0
6471,Tripoli,2018,0.0
6471,Tripoli,2019,0.0
6471,Tripoli,2020,0.0
6471,Tripoli,2021,0.0
6471,Tripoli,2022,0.0
6471,Tripoli,2023,0.0
6471,Tripoli,2024,0
6509,Turkey Valley,2017,1929.0
6509,Turkey Valley,2018,0.0
6509,Turkey Valley,2019,0.0
6509,Turkey Valley,2020,0.0
6509,Turkey Valley,2021,0.0
6509,Turkey Valley,2022,0.0
6509,Turkey Valley,2023,0.0
6509,Turkey Valley,2024,0
6512,Twin Cedars,2017,0.0
6512,Twin Cedars,2018,0.0
6512,Twin Cedars,2019,0.0
6512,Twin Cedars,2020,0.0
6512,Twin Cedars,2021,0.0
6512,Twin Cedars,2022,0.0
6512,Twin Cedars,2023,0.0
6512,Twin Cedars,2024,0
6516,Twin Rivers,2017,0.0
6516,Twin Rivers,2018,0.0
6516,Twin Rivers,2019,0.0
6516,Twin Rivers,2020,0.0
6516,Twin Rivers,2021,0.0
6516,Twin Rivers,2022,0.0
6516,Twin Rivers,2023,0.0
6516,Twin Rivers,2024,0
6534,Underwood,2017,0.0
6534,Underwood,2018,0.0
6534,Underwood,2019,0.0
6534,Underwood,2020,0.0
6534,Underwood,2021,0.0
6534,Underwood,2022,24362.84
6534,Underwood,2023,0.0
6534,Underwood,2024,0
6536,,2024,0
6561,United,2017,0.0
6561,United,2018,0.0
6561,United,2019,0.0
6561,United,2020,0.0
6561,United,2021,0.0
6561,United,2022,0.0
6561,United,2023,0.0
6561,United,2024,0
6579,Urbandale,2017,0.0
6579,Urbandale,2018,0.0
6579,Urbandale,2019,0.0
6579,Urbandale,2020,0.0
6579,Urbandale,2021,0.0
6579,Urbandale,2022,71568.0
6579,Urbandale,2023,0.0
6579,Urbandale,2024,0
6591,Valley,2017,0.0
6591,Valley,2018,0.0
6592,Van Buren County,2017,0.0
6592,Van Buren County,2018,0.0
6592,Van Buren County,2019,0.0
6592,Van Buren County,2020,0.0
6592,Van Buren County,2021,0.0
6592,Van Buren County,2022,0.0
6592,Van Buren County,2023,0.0
6592,Van Buren County,2024,0
6615,Van Meter,2017,10556.0
6615,Van Meter,2018,4654.0
6615,Van Meter,2019,20049.31
6615,Van Meter,2020,20000.0
6615,Van Meter,2021,28598.48
6615,Van Meter,2022,0.0
6615,Van Meter,2023,26051.19
6615,Van Meter,2024,15105.82
6651,Villisca,2017,0.0
6651,Villisca,2018,0.0
6651,Villisca,2019,0.0
6651,Villisca,2020,0.0
6651,Villisca,2021,0.0
6651,Villisca,2022,0.0
6651,Villisca,2023,0.0
6651,Villisca,2024,0
6660,Vinton-Shellsburg,2017,0.0
6660,Vinton-Shellsburg,2018,0.0
6660,Vinton-Shellsburg,2019,0.0
6660,Vinton-Shellsburg,2020,0.0
6660,Vinton-Shellsburg,2021,0.0
6660,Vinton-Shellsburg,2022,0.0
6660,Vinton-Shellsburg,2023,0.0
6660,Vinton-Shellsburg,2024,0
6700,Waco,2017,4385.0
6700,Waco,2018,0.0
6700,Waco,2019,0.0
6700,Waco,2020,0.0
6700,Waco,2021,0.0
6700,Waco,2022,0.0
6700,Waco,2023,0.0
6700,Waco,2024,43446.04
6741,East Sac County,2017,0.0
6741,East Sac County,2018,0.0
6741,East Sac County,2019,0.0
6741,East Sac County,2020,0.0
6741,East Sac County,2021,0.0
6741,East Sac County,2022,0.0
6741,East Sac County,2023,0.0
6741,East Sac County,2024,0
6750,Walnut,2017,0.0
6751,Walnut,2017,0.0
6759,Wapello,2017,352.0
6759,Wapello,2018,0.0
6759,Wapello,2019,0.0
6759,Wapello,2020,0.0
6759,Wapello,2021,0.0
6759,Wapello,2022,0.0
6759,Wapello,2023,0.0
6759,Wapello,2024,0
6762,Wapsie Valley,2017,0.0
6762,Wapsie Valley,2018,0.0
6762,Wapsie Valley,2019,0.0
6762,Wapsie Valley,2020,0.0
6762,Wapsie Valley,2021,0.0
6762,Wapsie Valley,2022,0.0
6762,Wapsie Valley,2023,0.0
6762,Wapsie Valley,2024,0
6763,Walnut,2017,0.0
6768,Washington,2017,0.0
6768,Washington,2018,0.0
6768,Washington,2019,0.0
6768,Washington,2020,0.0
6768,Washington,2021,0.0
6768,Washington,2022,0.0
6768,Washington,2023,0.0
6768,Washington,2024,0
6775,Walnut,2017,0.0
6787,Walnut,2017,0.0
6795,Waterloo,2017,54553.0
6795,Waterloo,2018,52732.0
6795,Waterloo,2019,107903.64
6795,Waterloo,2020,0.0
6795,Waterloo,2021,0.0
6795,Waterloo,2022,0.0
6795,Waterloo,2023,0.0
6795,Waterloo,2024,0
6799,Walnut,2017,0.0
6811,Walnut,2017,0.0
6822,Waukee,2017,30232.0
6822,Waukee,2018,26975.0
6822,Waukee,2019,26974.76
6822,Waukee,2020,38500.8
6822,Waukee,2021,117807.92
6822,Waukee,2022,357605.83
6822,Waukee,2023,80304.42
6822,Waukee,2024,49917.41
6823,Walnut,2017,0.0
6835,Walnut,2017,0.0
6840,Waverly-Shell Rock,2017,8599.0
6840,Waverly-Shell Rock,2018,0.0
6840,Waverly-Shell Rock,2019,0.0
6840,Waverly-Shell Rock,2020,0.0
6840,Waverly-Shell Rock,2021,11000.0
6840,Waverly-Shell Rock,2022,15000.0
6840,Waverly-Shell Rock,2023,25000.0
6840,Waverly-Shell Rock,2024,66087.29
6847,Walnut,2017,0.0
6854,Wayne,2017,0.0
6854,Wayne,2018,0.0
6854,Wayne,2019,0.0
6854,Wayne,2020,0.0
6854,Wayne,2021,0.0
6854,Wayne,2022,15500.0
6854,Wayne,2023,0.0
6854,Wayne,2024,0
6859,Walnut,2017,0.0
6867,Webster City,2017,0.0
6867,Webster City,2018,7920.0
6867,Webster City,2019,6656.38
6867,Webster City,2020,9980.0
6867,Webster City,2021,2553.4
6867,Webster City,2022,8098.64
6867,Webster City,2023,10000.0
6867,Webster City,2024,10000
6871,Walnut,2017,0.0
6883,Walnut,2017,0.0
6895,Walnut,2017,0.0
6907,Walnut,2017,0.0
6919,Walnut,2017,0.0
6921,West Bend-Mallard,2017,0.0
6921,West Bend-Mallard,2018,0.0
6921,West Bend-Mallard,2019,0.0
6921,West Bend-Mallard,2020,0.0
6921,West Bend-Mallard,2021,20000.0
6921,West Bend-Mallard,2022,0.0
6921,West Bend-Mallard,2023,0.0
6921,West Bend-Mallard,2024,0
6930,West Branch,2017,0.0
6930,West Branch,2018,0.0
6930,West Branch,2019,0.0
6930,West Branch,2020,0.0
6930,West Branch,2021,0.0
6930,West Branch,2022,0.0
6930,West Branch,2023,0.0
6930,West Branch,2024,0
6931,Walnut,2017,0.0
6937,West Burlington,2017,0.0
6937,West Burlington,2018,0.0
6937,West Burlington,2019,34874.71
6937,West Burlington,2020,0.0
6937,West Burlington,2021,476.61
6937,West Burlington,2022,0.0
6937,West Burlington,2023,0.0
6937,West Burlington,2024,0
6943,West Central,2017,0.0
6943,West Central,2018,0.0
6943,West Central,2019,0.0
6943,West Central,2020,3247.88
6943,West Central,2021,0.0
6943,West Central,2022,0.0
6943,West Central,2023,0.0
6943,West Central,2024,0
6950,West Delaware Co,2017,0.0
6950,West Delaware Co,2018,0.0
6950,West Delaware Co,2019,0.0
6950,West Delaware Co,2020,0.0
6950,West Delaware Co,2021,0.0
6950,West Delaware Co,2022,0.0
6950,West Delaware Co,2023,0.0
6950,West Delaware Co,2024,0
6955,Walnut,2017,0.0
6957,West Des Moines,2017,85500.0
6957,West Des Moines,2018,166016.0
6957,West Des Moines,2019,146303.0
6957,West Des Moines,2020,149888.5
6957,West Des Moines,2021,233831.3
6957,West Des Moines,2022,148111.32
6957,West Des Moines,2023,141280.73
6957,West Des Moines,2024,152986.5
6961,Western Dubuque Co,2017,0.0
6961,Western Dubuque Co,2018,0.0
6961,Western Dubuque Co,2019,0.0
6961,Western Dubuque Co,2020,0.0
6961,Western Dubuque Co,2021,0.0
6961,Western Dubuque Co,2022,0.0
6961,Western Dubuque Co,2023,0.0
6961,Western Dubuque Co,2024,1217
6967,Walnut,2017,0.0
6969,West Harrison,2017,3521.0
6969,West Harrison,2018,0.0
6969,West Harrison,2019,0.0
6969,West Harrison,2020,0.0
6969,West Harrison,2021,0.0
6969,West Harrison,2022,0.0
6969,West Harrison,2023,4100.0
6969,West Harrison,2024,1991.59
6975,West Liberty,2017,0.0
6975,West Liberty,2018,0.0
6975,West Liberty,2019,0.0
6975,West Liberty,2020,0.0
6975,West Liberty,2021,15000.0
6975,West Liberty,2022,0.0
6975,West Liberty,2023,7063.52
6975,West Liberty,2024,40192.48
6983,West Lyon,2017,0.0
6983,West Lyon,2018,0.0
6983,West Lyon,2019,0.0
6983,West Lyon,2020,0.0
6983,West Lyon,2021,0.0
6983,West Lyon,2022,0.0
6983,West Lyon,2023,0.0
6983,West Lyon,2024,0
6985,West Marshall,2017,0.0
6985,West Marshall,2018,0.0
6985,West Marshall,2019,0.0
6985,West Marshall,2020,0.0
6985,West Marshall,2021,16580.6
6985,West Marshall,2022,0.0
6985,West Marshall,2023,0.0
6985,West Marshall,2024,0
6987,West Monona,2017,12349.0
6987,West Monona,2018,3046.0
6987,West Monona,2019,3056.0
6987,West Monona,2020,1888.99
6987,West Monona,2021,2805.06
6987,West Monona,2022,798.95
6987,West Monona,2023,10729.98
6987,West Monona,2024,5496.28
6990,West Sioux,2017,38000.0
6990,West Sioux,2018,0.0
6990,West Sioux,2019,0.0
6990,West Sioux,2020,0.0
6990,West Sioux,2021,0.0
6990,West Sioux,2022,0.0
6990,West Sioux,2023,0.0
6990,West Sioux,2024,0
6992,Westwood,2017,0.0
6992,Westwood,2018,0.0
6992,Westwood,2019,0.0
6992,Westwood,2020,0.0
6992,Westwood,2021,0.0
6992,Westwood,2022,0.0
6992,Westwood,2023,0.0
6992,Westwood,2024,0
7002,Whiting,2017,0.0
7002,Whiting,2018,0.0
7002,Whiting,2019,0.0
7002,Whiting,2020,0.0
7002,Whiting,2021,0.0
7002,Whiting,2022,0.0
7002,Whiting,2023,0.0
7002,Whiting,2024,0
7029,Williamsburg,2017,0.0
7029,Williamsburg,2018,0.0
7029,Williamsburg,2019,9153.58
7029,Williamsburg,2020,9443.47
7029,Williamsburg,2021,12819.7
7029,Williamsburg,2022,11456.17
7029,Williamsburg,2023,9886.63
7029,Williamsburg,2024,11946.09
7038,Wilton,2017,0.0
7038,Wilton,2018,1297.0
7038,Wilton,2019,5088.21
7038,Wilton,2020,1631.51
7038,Wilton,2021,0.0
7038,Wilton,2022,3203.68
7038,Wilton,2023,0.0
7038,Wilton,2024,0
7047,Winfield-Mt Union,2017,0.0
7047,Winfield-Mt Union,2018,0.0
7047,Winfield-Mt Union,2019,0.0
7047,Winfield-Mt Union,2020,0.0
7047,Winfield-Mt Union,2021,0.0
7047,Winfield-Mt Union,2022,0.0
7047,Winfield-Mt Union,2023,0.0
7047,Winfield-Mt Union,2024,0
7056,Winterset,2017,0.0
7056,Winterset,2018,0.0
7056,Winterset,2019,0.0
7056,Winterset,2020,0.0
7056,Winterset,2021,8408.0
7056,Winterset,2022,0.0
7056,Winterset,2023,9100.0
7056,Winterset,2024,10000
7092,Woodbine,2017,0.0
7092,Woodbine,2018,0.0
7092,Woodbine,2019,0.0
7092,Woodbine,2020,0.0
7092,Woodbine,2021,0.0
7092,Woodbine,2022,0.0
7092,Woodbine,2023,0.0
7092,Woodbine,2024,0
7098,Woodbury Central,2017,0.0
7098,Woodbury Central,2018,7209.0
7098,Woodbury Central,2019,0.0
7098,Woodbury Central,2020,14458.42
7098,Woodbury Central,2021,19047.63
7098,Woodbury Central,2022,7097.15
7098,Woodbury Central,2023,6977.23
7098,Woodbury Central,2024,0
7110,Woodward-Granger,2017,8966.0
7110,Woodward-Granger,2018,8478.0
7110,Woodward-Granger,2019,18448.16
7110,Woodward-Granger,2020,14908.61
7110,Woodward-Granger,2021,14129.14
7110,Woodward-Granger,2022,18004.84
7110,Woodward-Granger,2023,14340.61
7110,Woodward-Granger,2024,16631.27
8100,,2024,0
8200,,2024,0
9201,,2024,0
9205,,2024,0
9207,,2024,0
9209,,2024,0
9210,,2024,0
9211,,2024,0
9212,,2024,0
9213,,2024,0
9215,,2024,0
