school_district,district_code,certified_enrollment,avg_days_early_late
Des Moines Independent CSD,1737,30160,13
Cedar Rapids CSD,1053,15901,68
Waukee CSD,6822,14412,108
Iowa City CSD,3141,14370,-430
Davenport CSD,1611,13371,108
Ankeny CSD,261,12682,120
Waterloo CSD,6795,10524,81
Dubuque CSD,1863,9666,96
West Des Moines CSD,6957,8249,108
Linn-Mar CSD,3715,7449,105
Johnston CSD,3231,6673,34
Pleasant Valley CSD,5250,5413,114
College CSD,1337,5027,39
Muscatine CSD,4581,4239,122
Burlington CSD,882,3560,16
Urbandale CSD,6579,3340,44
Fort Dodge CSD,2313,3331,51
Western Dubuque County CSD,6961,3125,97
North Scott CSD,4784,2928,95
Storm Lake CSD,6219,2618,68
Lewis Central CSD,3645,2557,-255
Waverly-Shell Rock CSD,6840,2055,119
Boone CSD,729,2000,53
Keokuk CSD,3312,1746,66
Mount Pleasant CSD,4536,1705,67
Winterset CSD,7056,1631,79
Atlantic CSD,387,1375,-245
Chariton CSD,1107,1297,-133
Harlan CSD,2826,1292,78
Centerville CSD,1071,1206,-109
Humboldt CSD,3060,1166,-145
Sheldon CSD,5949,1114,106
Albia CSD,81,1074,-126
Shenandoah CSD,5976,1044,-121
Iowa Falls CSD,3150,975,-115
PCM CSD,5160,944,-175
West Central Valley CSD,6264,939,66
South Central Calhoun CSD,6091,927,-191
Osage CSD,4995,877,-238
Odebolt-Arthur CSD d/b/a Odebolt Arthur Battle Creek Ida Grove CSD,4860,873,-137
Anamosa CSD,234,1200,66
North Mahaska CSD,4776,440,41
Newton CSD,4725,2809,39
Bellevue CSD,585,611,26
Cedar Falls CSD,1044,5395,55
Dallas Center-Grimes CSD,1576,3405,48
Murray CSD,4572,213,37
Akron-Westfield CSD,63,515,-1
Estherville Lincoln Central CSD,2124,1151,40
Cardinal CSD,977,537,66
Spirit Lake CSD,6120,1126,24
Essex CSD,2113,178,45
Pella CSD,5166,2104,25
Clay Central/Everly CSD,1218,301,44
Vinton-Shellsburg CSD,6660,1601,-8
West Lyon CSD,6983,916,24
Pekin CSD,5163,515,57
Remsen-Union CSD,5486,316,31
Clinton CSD,1278,3615,28
Corning CSD,1431,388,2
Belmond-Klemme CSD,594,714,7
Cherokee CSD,1152,1027,16
Madrid CSD,3942,620,9
Spencer CSD,6102,1864,19
Benton CSD,609,1426,40
Sigourney CSD,6012,554,45
Clarke CSD,1211,1435,9
Sioux Center CSD,6030,1476,29
Decorah CSD,1638,1428,14
Sioux City CSD,6039,14181,36
Van Buren CSD,6592,945,41
Monticello CSD,4446,952,64
Hubbard-Radcliffe CSD,3033,388,39
Okoboji CSD,4890,977,2
Ballard CSD,472,1768,19
South Winneshiek CSD,6100,518,30
Forest City CSD,2295,1055,25
Howard-Winneshiek CSD,3029,1124,17
North Polk CSD,4779,2157,20
Adel-DeSoto-Minburn CSD,27,2192,35
Saydel CSD,5805,999,46
Starmont CSD,6175,528,15
Calamus-Wheatland CSD,918,375,18
Galva-Holstein CSD,2376,453,21
Central CSD (Elkader),1080,452,21
Ogden CSD,4878,521,15
Roland-Story CSD,5643,1002,21
Sioux Central CSD,6035,446,21
Perry CSD,5184,1796,4
Louisa-Muscatine CSD,3841,646,18
Eastern Allamakee CSD,1972,305,13
Clear Creek-Amana  CSD,1221,3204,24
Southeast Polk CSD,6101,7300,-39
Postville CSD,5310,705,14
Janesville CSD,3186,430,8
Morning Sun CSD,4509,194,14
North Kossuth CSD,4778,225,15
Bondurant-Farrar CSD,720,2636,12
Mediapolis CSD,4203,861,12
Williamsburg CSD,7029,1102,14
North Fayette Valley CSD,4774,1081,14
Springville CSD,6138,404,10
Schaller Crestland CSD,5823,363,10
North Cedar CSD,3691,676,5
Harris-Lake Park CSD,2846,284,9
Council Bluffs CSD,1476,8309,-31
GMG CSD,2682,230,1
Whiting CSD,7002,157,17
Wilton CSD,7038,774,8
Lisbon CSD,3744,671,8
Highland CSD,2977,564,7
West Marshall CSD,6985,707,-11
Jesup CSD,3204,827,8
Northeast CSD,4773,467,5
Glenwood CSD,2511,1906,76
Wayne CSD,6854,577,-2
Carlisle CSD,981,1884,-2
Albert City Truesdale CSD,72,192,4
North Union CSD,333,371,7
Paton-Churdan CSD,5139,181,1
Durant CSD,1926,444,-1
Central Springs CSD,4772,727,9
Bennett CSD,603,155,2
Iowa Valley CSD,3154,485,1
MFL Mar Mac CSD,4419,800,6
East Sac County CSD,6741,787,6
West Central CSD,6943,251,6
East Buchanan CSD,1963,485,5
West Branch CSD,6930,818,5
Interstate 35 CSD,3119,799,-1
North Linn CSD,4777,560,1
HLV CSD,2766,308,-1
Glidden-Ralston CSD,2520,302,1
Eagle Grove CSD,1944,914,-2
Alta-Aurelia CSD,171,887,-1
Manson Northwest Webster CSD,4023,641,-1
Sumner-Fredericksburg CSD,6273,737,2
Clayton Ridge CSD,2763,625,5
Moravia CSD,4491,301,0
Marshalltown CSD,4104,5297,9
Creston CSD,1503,1286,2
West Delaware County CSD,6950,1279,-1
Alden CSD,108,243,-4
West Bend-Mallard CSD,6921,336,-2
West Fork CSD,5922,737,-5
Lone Tree CSD,3816,286,18
Bettendorf CSD,621,3777,-24
Central DeWitt CSD,1082,1448,-8
English Valleys CSD,2097,441,-17
South Hamilton CSD,6095,625,-18
Nashua-Plainfield CSD,4599,584,1
Rudd-Rockford-Marble Rock CSD,5697,385,1
River Valley CSD,1975,335,21
West Liberty CSD,6975,1237,-22
Danville CSD,1602,420,-22
Olin CSD,4905,182,-34
Ames CSD,225,4469,-37
United CSD,6561,314,-25
Melcher-Dallas CSD,4212,291,-33
Twin Cedars CSD,6512,274,-33
Algona CSD,126,1422,9
Fort Madison CSD,2322,2039,-50
Van Meter CSD,6615,984,25
Carroll CSD,999,1465,9
Davis County CSD,1619,1031,1
Seymour CSD,5895,219,-28
Ottumwa CSD,5049,4994,-34
Knoxville CSD,3375,1628,-26
Grinnell-Newburg CSD,2709,1468,-23
Tripoli CSD,6471,372,1
Lawton-Bronson CSD,3555,601,-65
Le Mars CSD,3600,2146,-92
Alburnett CSD,99,526,8
Oelwein CSD,4869,1229,6
Nodaway Valley CSD,2673,657,-29
Marcus-Meriden-Cleghorn CSD,4068,454,31
Central Lee CSD,1079,830,10
Tipton CSD,6408,753,-59
Gilbert CSD,2466,1593,-36
Gilmore City-Bradgate CSD,2493,164,-39
North Iowa CSD,873,448,-52
Emmetsburg CSD,2088,585,16
Wapsie Valley CSD,6762,598,6
Midland CSD,4269,479,-2
Hinton CSD,2988,560,-68
Maquoketa CSD,4041,1135,-16
Woodbine CSD,7092,533,42
New London CSD,4689,521,-64
Mid-Prairie CSD,4271,1150,-34
Gladbrook-Reinbeck CSD,2502,658,-83
Hamburg CSD,2772,215,-21
Mount Vernon CSD,4554,1085,-79
South Tama County CSD,6098,1329,1
Nevada CSD,4617,1350,2
Ruthven-Ayrshire CSD,5724,185,-58
WACO CSD,6700,482,14
Indianola CSD,3114,3338,-65
Graettinger-Terril CSD,2556,377,-70
Sergeant Bluff-Luton CSD,5877,1372,-72
Solon CSD,6093,1465,-93
Brooklyn-Guernsey-Malcom CSD,846,490,1
Center Point-Urbana CSD,1062,1080,-68
Marion CSD,4086,1705,-48
Hudson CSD,3042,768,-47
Norwalk CSD,4797,3495,-36
Greene County CSD,3195,1173,-68
Washington CSD,6768,1577,-13
Kingsley-Pierson CSD,3348,461,-4
Clarion-Goldfield-Dows CSD,1206,982,-79
Woodward-Granger CSD,7110,1114,-133
Allamakee CSD,135,1091,-69
Clarinda CSD,1197,919,-47
Dunkerton CSD,1908,331,12
Fremont-Mills CSD,2369,437,63
George-Little Rock CSD,2457,405,-46
Grundy Center CSD,2727,661,-48
Sibley-Ocheyedan CSD,5994,624,-87
Independence CSD,3105,1335,-20
IKM-Manning CSD,3168,712,-63
New Hampton CSD,4662,979,5
Collins-Maxwell CSD,1350,422,-62
Boyden-Hull CSD,747,531,-163
Denison CSD,1701,1946,-57
Central Lyon CSD,1095,711,-214
Colo-Nesco CSD,1359,441,7
AGWSR CSD,9,693,-62
AR-WE-VA CSD,355,268,-75
Hampton-Dumont CSD,2781,1045,-76
Union CSD,6536,915,-82
Red Oak CSD,5463,952,-100
Mason City CSD,4131,3287,-152
Fairfield CSD,2169,1484,-39
Audubon CSD,414,521,-140
Clear Lake CSD,1233,1078,-51
Tri-Center CSD,6460,666,-60
Webster City CSD,6867,1731,-35
West Monona CSD,6987,566,-168
Bedford CSD,549,511,-113
Stanton CSD,6165,184,-66
Denver CSD,1719,867,117
Dike-New Hartford CSD,1791,832,-126
Garner-Hayfield CSD,2403,825,-58
Eddyville-Blakesburg-Fremont CSD,657,786,-147
Rock Valley CSD,5607,780,-228
Aplington/Parkersburg CSD,279,775,-109
AHSTW CSD,441,763,69
Camanche CSD,936,746,51
Columbus CSD,1368,738,-269
Riverside CSD,5510,723,99
West Sioux CSD,6990,715,-269
Missouri Valley CSD,4356,713,-134
Underwood CSD,6534,707,-125
Pleasantville CSD,5256,685,-110
Maquoketa Valley CSD,4043,673,-105
Colfax-Mingo CSD,1332,663,-136
Panorama CSD,5121,635,81
St. Ansgar CSD,5751,616,-77
Hartley-Melvin-Sanborn CSD,2862,606,-115
Treynor CSD,6453,594,47
South O'Brien CSD,6099,578,-155
Earlham CSD,1953,573,-223
Mount Ayr CSD,4527,563,45
Central Decatur CSD,1093,562,-163
Logan-Magnolia CSD,3798,554,-96
Lake Mills CSD,3420,545,-165
Maple Valley-Anthon Oto CSD,4033,536,61
East Mills CSD,3978,527,86
Easton Valley CSD,1965,519,-73
Woodbury Central CSD,7098,518,-151
Eldora-New Providence CSD,2007,516,-215
Northwood-Kensett CSD,4788,513,-169
Wapello CSD,6759,506,-276
North Butler CSD,153,504,-252
Westwood CSD,6992,490,-285
East Marshall CSD,1968,486,-161
Southeast Warren CSD,6094,470,-278
Martensdale-St. Mary's CSD,4122,467,-57
Belle Plaine CSD,576,462,-147
North Tama County CSD,4785,461,-156
Montezuma CSD,4437,448,48
East Union CSD,1970,445,-207
Coon Rapids-Bayard CSD,1413,440,-161
BCLUW CSD,540,431,-112
Lynnville-Sully CSD,3906,428,94
Lenox CSD,3609,424,-297
Griswold CSD,2718,416,108
Exira-Elk Horn-Kimballton CSD,2151,401,-224
CAM CSD,914,396,-342
Boyer Valley CSD,1917,395,-160
West Burlington Independent CSD,6937,395,-266
Central City CSD,1089,391,-79
Guthrie Center CSD,2754,385,-211
Edgewood-Colesburg CSD,1989,382,-84
Turkey Valley CSD,6509,365,-351
Riceville CSD,5508,354,-308
Baxter CSD,513,347,-253
West Harrison CSD,6969,343,-208
Keota CSD,3330,338,-162
Sidney CSD,6003,337,-77
Winfield-Mt. Union CSD,7047,305,63
Lamoni CSD,3465,289,-161
Villisca CSD,6651,278,-128
CAL CSD,916,271,-128
Clarksville CSD,1215,264,-140
Charter Oak-Ute CSD,1134,264,-170
Schleswig CSD,5832,230,-71
Tri-County CSD,6462,226,-308
Andrew CSD,243,219,-204
Mormon Trail CSD,4505,211,-131
Moulton-Udell CSD,4518,201,-321
Delwood CSD,1675,172,-219
South Page CSD,6097,166,-139
Twin Rivers CSD,6516,152,-154
Stratford CSD,6246,142,-270
Orient-Macksburg CSD,4978,100,-177
Diagonal CSD,1782,97,-284
