district,fiscal_year,revenues,expenditures,net_change,beginning_balance,ending_balance,restated,cash,fb_nonspendable,fb_restricted,fb_committed,fb_assigned,fb_unassigned,fb_total,ok_rollforward,ok_fbsum
Ankeny CSD,2015,101123543.0,98708567.0,2462043.0,5140047.0,7602090.0,,19319408.0,668284.0,493243.0,,804200.0,5636363.0,7602090.0,Y,
Ankeny CSD,2016,110603804.0,105207733.0,5407810.0,7602090.0,13009900.0,,24849693.0,730713.0,1262616.0,,804200.0,10212371.0,13009900.0,Y,
Ankeny CSD,2017,118703866.0,113011856.0,5870709.0,13009900.0,18880609.0,,31304397.0,723800.0,1464112.0,,,16692697.0,18880609.0,Y,
Ankeny CSD,2018,123132306.0,121189928.0,2077260.0,18880609.0,20957869.0,,35188878.0,920454.0,1265917.0,,,14571498.0,20957869.0,Y,
Ankeny CSD,2019,125942625.0,131519828.0,-3424750.0,20957869.0,17533119.0,,28549206.0,1116286.0,1486253.0,,,11730580.0,17533119.0,Y,
Ankeny CSD,2020,137102479.0,135892411.0,2087272.0,17533119.0,19620391.0,,30573448.0,1354314.0,2637249.0,,,12052028.0,19620391.0,Y,
Ankeny CSD,2021,146552936.0,143576563.0,3362956.0,20018735.0,23381691.0,Y,34070504.0,1254020.0,3047962.0,,,17570627.0,23381691.0,Y,
Ankeny CSD,2022,148794966.0,148182929.0,1492489.0,23381691.0,24874180.0,,40866161.0,437923.0,3380465.0,,,16701092.0,24874180.0,Y,
Ankeny CSD,2023,157168326.0,157531067.0,135839.0,24874180.0,25010019.0,,43163961.0,962500.0,4142320.0,,421574.0,13508869.0,25010019.0,Y,
Cedar Rapids CSD,2015,197694773.0,190627082.0,9375002.0,7668566.0,17043568.0,,32947723.0,295203.0,4219634.0,,0.0,12528731.0,17043568.0,Y,
Cedar Rapids CSD,2016,200482165.0,194144488.0,8602425.0,17043568.0,25645993.0,,38965873.0,292186.0,3821002.0,,0.0,21532805.0,25645993.0,Y,
Cedar Rapids CSD,2017,201877134.0,198668165.0,5716315.0,25645993.0,31362308.0,,44989301.0,275060.0,3807407.0,,0.0,31362308.0,31362308.0,Y,
Cedar Rapids CSD,2018,204740320.0,204879696.0,2399323.0,31362308.0,33761631.0,Y,51604106.0,228912.0,3407403.0,,30125316.0,30125316.0,33761631.0,Y,
Cedar Rapids CSD,2019,208748457.0,212630667.0,-1095390.0,33761631.0,32666241.0,,51205938.0,2977707.0,2977707.0,1136680.0,0.0,32666241.0,32666241.0,Y,
Cedar Rapids CSD,2020,212205298.0,218169217.0,-4085500.0,32666241.0,28580741.0,,49884191.0,976904.0,2461725.0,138150.0,0.0,25003962.0,28580741.0,Y,Y
Cedar Rapids CSD,2021,224042625.0,221810281.0,4984609.0,28580741.0,33565350.0,,47485316.0,626403.0,2133679.0,0.0,0.0,30805268.0,33565350.0,Y,Y
Cedar Rapids CSD,2022,232730672.0,228523828.0,4299845.0,33565350.0,37865195.0,,48248071.0,573978.0,9203218.0,,0.0,28087999.0,138284680.0,Y,
Cedar Rapids CSD,2023,235412324.0,229342377.0,5000341.0,37865195.0,42865536.0,,58682402.0,584737.0,3955848.0,,0.0,38324951.0,42865536.0,Y,
College CSD (Prairie),2015,50311153.0,55185919.0,-4874766.0,6446030.0,1571264.0,,817325.0,15343.0,310458.0,,,1245463.0,1571264.0,Y,
College CSD (Prairie),2016,57311634.0,57968117.0,-656483.0,1571264.0,914781.0,,4352600.0,13846.0,409569.0,,,491366.0,914781.0,Y,
College CSD (Prairie),2017,60302499.0,59014280.0,1288219.0,914781.0,2203000.0,,648314.0,5249.0,573243.0,,111784.0,1512724.0,2203000.0,Y,
College CSD (Prairie),2018,63930882.0,60085613.0,3845269.0,2203000.0,6048269.0,,4986931.0,6920.0,675246.0,,105038.0,5261065.0,6048269.0,Y,
College CSD (Prairie),2019,65719198.0,61725020.0,3994178.0,6048269.0,10042447.0,,8657898.0,6969.0,569335.0,,107230.0,9358913.0,10042447.0,Y,
College CSD (Prairie),2020,63987865.0,63091052.0,883951.0,10042447.0,10926398.0,,8136102.0,440997.0,440997.0,,111885.0,10373174.0,10926398.0,Y,
College CSD (Prairie),2021,68676282.0,65566658.0,3002773.0,10926398.0,13929171.0,,9048374.0,,437889.0,,120046.0,13370935.0,13929171.0,Y,
College CSD (Prairie),2022,69615113.0,69615997.0,-16191.0,13929171.0,13912980.0,,10283037.0,,764908.0,,140690.0,13006961.0,13912980.0,Y,
College CSD (Prairie),2023,71111767.0,72308222.0,-1225880.0,13912980.0,12687100.0,,8771710.0,,343660.0,,132450.0,12210480.0,12687100.0,Y,
Davenport CSD,2015,179130405.0,179967772.0,-965947.0,25663787.0,24697840.0,,51331279.0,396022.0,0.0,,,24299600.0,24697840.0,Y,
Davenport CSD,2016,184734669.0,187592658.0,-2857680.0,24697840.0,21840160.0,,47285829.0,240753.0,0.0,,,21599151.0,21840160.0,Y,
Davenport CSD,2017,186103865.0,194303905.0,-8200040.0,21840160.0,13640120.0,,42816679.0,246993.0,0.0,,,13388037.0,13640120.0,Y,
Davenport CSD,2018,193035426.0,193975453.0,-599798.0,16524243.0,15924445.0,Y,43881194.0,194763.0,3862718.0,,,11859845.0,15924445.0,Y,
Davenport CSD,2019,195107106.0,194436161.0,1022973.0,15924445.0,16947418.0,,45663409.0,225637.0,4389040.0,,,12321448.0,16947418.0,Y,
Davenport CSD,2020,191199787.0,183013826.0,8506962.0,16947418.0,25454380.0,,52206206.0,201847.0,5355060.0,,,19897473.0,25454380.0,Y,
Davenport CSD,2021,194639365.0,191417781.0,3045240.0,25454380.0,28499620.0,,49276837.0,305312.0,5867593.0,,,22312601.0,28499620.0,Y,
Davenport CSD,2022,202274754.0,195608139.0,6794183.0,28499620.0,35293803.0,,54415534.0,313438.0,3094298.0,,,31864061.0,35293803.0,Y,
Davenport CSD,2023,220539091.0,201686938.0,15374436.0,35293803.0,50668239.0,,65308906.0,371214.0,3929833.0,,,46354674.0,50668239.0,Y,
Des Moines Independent CSD,2015,396564653.0,398906274.0,-2221502.0,76427474.0,74205972.0,,107323881.0,1722676.0,12395621.0,11500000.0,4717021.0,43870654.0,74205972.0,Y,Y
Des Moines Independent CSD,2016,419243875.0,412522741.0,6813864.0,74205972.0,81019836.0,,109900931.0,2022946.0,19449024.0,11500000.0,2270271.0,45777595.0,81019836.0,Y,Y
Des Moines Independent CSD,2017,431405668.0,430113500.0,1283923.0,81019836.0,82303759.0,,111146880.0,2678098.0,20113274.0,11500000.0,2747894.0,45264493.0,82303759.0,Y,Y
Des Moines Independent CSD,2018,442797277.0,442336665.0,1813416.0,82303759.0,84117175.0,,107286167.0,2545106.0,16977566.0,11500000.0,2722083.0,50372420.0,84117175.0,Y,Y
Des Moines Independent CSD,2019,450447716.0,440144259.0,12668465.0,84117175.0,96785640.0,,110824589.0,3968453.0,15816459.0,11500000.0,2887205.0,62613523.0,96785640.0,Y,Y
Des Moines Independent CSD,2020,460327437.0,432741578.0,28274387.0,96785640.0,125060027.0,,152269706.0,2187264.0,17588320.0,11500000.0,2374122.0,91410321.0,125060027.0,Y,Y
Des Moines Independent CSD,2021,508163078.0,450242429.0,59205102.0,125060027.0,184265129.0,,158408598.0,1817518.0,16614372.0,11500000.0,2374122.0,151959117.0,184265129.0,Y,Y
Des Moines Independent CSD,2022,459373498.0,465845285.0,-4419228.0,184265129.0,179845901.0,,192192106.0,1947525.0,9694399.0,11500000.0,2331042.0,154372935.0,179845901.0,Y,Y
Des Moines Independent CSD,2023,488691573.0,486633749.0,4480961.0,179845901.0,184326862.0,,196551332.0,1730593.0,7806432.0,11500000.0,2703026.0,160586811.0,184326862.0,Y,Y
Dubuque CSD,2015,118472867.0,126116923.0,-7383865.0,21967631.0,14583766.0,,23606780.0,,1324944.0,,,12813922.0,14583766.0,Y,
Dubuque CSD,2016,123818616.0,126168081.0,-2128338.0,14583766.0,12455428.0,,23519133.0,,1045379.0,,,10999777.0,12455428.0,Y,
Dubuque CSD,2017,129737478.0,126084256.0,3773011.0,12455428.0,16228439.0,,27286680.0,,835978.0,,,14961447.0,16228439.0,Y,
Dubuque CSD,2018,130805544.0,129402118.0,1754211.0,16228439.0,17982650.0,,29544861.0,,1020411.0,,,16611997.0,17982650.0,Y,
Dubuque CSD,2019,131376578.0,131446993.0,215890.0,17982650.0,18198540.0,,29601084.0,,858254.0,,,16967741.0,18198540.0,Y,
Dubuque CSD,2020,132171981.0,132654280.0,-73386.0,18198540.0,18125154.0,,31601063.0,,1259028.0,,,16524327.0,18125154.0,Y,
Dubuque CSD,2021,145074388.0,137835817.0,6805992.0,18125154.0,24931146.0,Y,31159075.0,,1493676.0,,,23065023.0,24931146.0,Y,
Dubuque CSD,2022,149213189.0,144537665.0,5346349.0,24931146.0,30277495.0,Y,39348095.0,,1872873.0,,,28035617.0,30277495.0,Y,
Dubuque CSD,2023,139402754.0,142565488.0,-2688486.0,30277495.0,27589009.0,Y,37439396.0,,1801099.0,,,25481734.0,27589009.0,Y,
Iowa City CSD,2015,140870647.0,138493219.0,2205428.0,13738854.0,15944282.0,,25599301.0,1095801.0,3303867.0,,,11544614.0,15944282.0,Y,
Iowa City CSD,2016,149586127.0,144928058.0,4486069.0,15944282.0,20430351.0,,33270812.0,1127628.0,3963463.0,,,15339260.0,20430351.0,Y,
Iowa City CSD,2017,157185362.0,153610608.0,3402754.0,20430351.0,23833105.0,,36965401.0,1251954.0,4030600.0,,,18550551.0,23833105.0,Y,
Iowa City CSD,2018,162894810.0,165761057.0,-2721682.0,23833105.0,21111423.0,,35749416.0,1395556.0,2478299.0,,,17237568.0,21111423.0,Y,
Iowa City CSD,2019,166434612.0,172395991.0,-6211379.0,21111423.0,14900044.0,,29661358.0,1472184.0,2157358.0,,,11270502.0,14900044.0,Y,
Iowa City CSD,2020,169739238.0,173099142.0,-3659904.0,14900044.0,11240140.0,,24963852.0,1552575.0,2811326.0,,,6876239.0,11240140.0,Y,
Iowa City CSD,2021,190498914.0,184984176.0,4564738.0,11325412.0,15890150.0,Y,21761592.0,1316399.0,2920281.0,,,11653470.0,15890150.0,Y,
Iowa City CSD,2022,196760462.0,202187558.0,-5827096.0,15890150.0,10063054.0,,21475952.0,1738981.0,2967523.0,,,5356550.0,10063054.0,Y,
Iowa City CSD,2023,209488033.0,207876297.0,88167.0,10063054.0,10151221.0,,19012680.0,1702154.0,3488724.0,,,4960343.0,10151221.0,Y,
Johnston CSD,2015,70566918.0,68388621.0,2348181.0,5045021.0,7393202.0,,13603745.0,44102.0,1283366.0,,,6065734.0,7393202.0,Y,
Johnston CSD,2016,74755367.0,70676923.0,4288988.0,7393202.0,11682190.0,,18291764.0,66752.0,1525575.0,,,10088953.0,11682190.0,Y,
Johnston CSD,2017,77086546.0,74250082.0,3061829.0,11682190.0,14744019.0,,20734693.0,60138.0,1576733.0,,,13107148.0,14744019.0,Y,
Johnston CSD,2018,79548091.0,78645374.0,1141463.0,14744019.0,15885482.0,,22629613.0,70133.0,1659862.0,,,14154725.0,15885482.0,Y,
Johnston CSD,2019,81289782.0,83095097.0,-1570088.0,15885482.0,14315394.0,,21718466.0,71233.0,1548758.0,,,12695403.0,14315394.0,Y,
Johnston CSD,2020,82568683.0,84937989.0,-2169249.0,14315394.0,12146145.0,,18860889.0,85572.0,1541847.0,,,10518726.0,12146145.0,Y,
Johnston CSD,2021,90297900.0,85982677.0,3825016.0,12146145.0,15971161.0,,21000178.0,73369.0,2116132.0,,,13781660.0,15971161.0,Y,
Johnston CSD,2022,93296992.0,88285047.0,5409460.0,15971161.0,21380621.0,,28011701.0,110049.0,2487146.0,,,18556483.0,21380621.0,Y,
Johnston CSD,2023,91883625.0,92841732.0,-606947.0,21380621.0,20773674.0,Y,28018395.0,125954.0,2572699.0,2150000.0,,15556695.0,20773674.0,Y,
Linn-Mar CSD,2015,72396839.0,-624623.0,-616394.0,11022271.0,10405877.0,,17251621.0,,1793043.0,,521726.0,8091108.0,10405877.0,Y,
Linn-Mar CSD,2016,76506951.0,76800260.0,-279633.0,10405877.0,10126244.0,,17609829.0,,1363797.0,,445301.0,8317146.0,10126244.0,Y,
Linn-Mar CSD,2017,79880256.0,79660104.0,271119.0,10126244.0,10397363.0,,18000710.0,,1513994.0,,476285.0,8407084.0,10397363.0,Y,
Linn-Mar CSD,2018,83449756.0,83889227.0,-425707.0,10397363.0,9971656.0,,16477255.0,,1153042.0,,446136.0,8372478.0,9971656.0,Y,
Linn-Mar CSD,2019,86542567.0,86691529.0,-111520.0,9971656.0,9860136.0,,16170852.0,,1067117.0,,421121.0,8371898.0,9860136.0,Y,
Linn-Mar CSD,2020,88946908.0,87749848.0,1199206.0,9860136.0,11059342.0,,17985512.0,,1142203.0,,435330.0,9481809.0,11059342.0,Y,
Linn-Mar CSD,2021,96735391.0,93635341.0,2895814.0,11059342.0,13955156.0,,21131544.0,,734927.0,,424306.0,12795923.0,13955156.0,Y,
Linn-Mar CSD,2022,99507635.0,101160128.0,-1642068.0,13955156.0,12313088.0,,19351250.0,,431575.0,,464960.0,11416553.0,12313088.0,Y,
Linn-Mar CSD,2023,99802728.0,105031915.0,-5243539.0,12313088.0,7069549.0,,16030820.0,220881.0,446035.0,,535797.0,5866836.0,7069549.0,Y,
Pleasant Valley CSD,2015,42377726.0,41559208.0,821525.0,4581360.0,5402885.0,,10387174.0,67078.0,379954.0,,1854244.0,3101609.0,5402885.0,Y,
Pleasant Valley CSD,2016,45686148.0,45391591.0,325643.0,5402885.0,5728528.0,,10385973.0,130038.0,600523.0,,2040642.0,2957325.0,5728528.0,Y,
Pleasant Valley CSD,2017,48101388.0,47415560.0,710633.0,5728528.0,6439161.0,,12623412.0,107892.0,634569.0,,2146505.0,3550195.0,6439161.0,Y,
Pleasant Valley CSD,2018,50857643.0,50735977.0,149081.0,6439161.0,6588242.0,,13296596.0,142536.0,662376.0,,2313277.0,3470053.0,6588242.0,Y,
Pleasant Valley CSD,2019,52537944.0,52142031.0,465762.0,6588242.0,7054004.0,,13253353.0,143272.0,523933.0,,3148671.0,3238128.0,7054004.0,Y,
Pleasant Valley CSD,2020,54168959.0,53008239.0,1170170.0,7054004.0,8224174.0,,15171032.0,158217.0,623430.0,,3133352.0,4309175.0,8224174.0,Y,
Pleasant Valley CSD,2021,58976783.0,55962993.0,3113342.0,8224174.0,11337516.0,,17384913.0,358172.0,895985.0,,3162842.0,6920517.0,11337516.0,Y,
Pleasant Valley CSD,2022,62108088.0,61741879.0,605343.0,11337516.0,11942859.0,,17529533.0,518688.0,1105162.0,,3161450.0,7157559.0,11942859.0,Y,
Pleasant Valley CSD,2023,64926259.0,64759789.0,202001.0,11942859.0,12144860.0,,18846407.0,272311.0,1224131.0,,3277498.0,7370920.0,12144860.0,Y,
Waterloo CSD,2015,128145760.0,124662148.0,3453665.0,5087143.0,8540808.0,Y,20676541.0,216502.0,596754.0,,2854732.0,4774487.0,8540808.0,Y,
Waterloo CSD,2016,128802780.0,124746081.0,4056699.0,7413667.0,11470366.0,Y,23655591.0,214094.0,618739.0,,1230992.0,9406541.0,11470366.0,Y,
Waterloo CSD,2017,129465217.0,122046437.0,7423945.0,11470366.0,18894311.0,,31357211.0,202521.0,846668.0,,1230992.0,16613297.0,18894311.0,Y,
Waterloo CSD,2018,130901091.0,128146481.0,2716556.0,18894311.0,21610867.0,,35242413.0,209587.0,896351.0,,1230992.0,19273937.0,21610867.0,Y,
Waterloo CSD,2019,133393800.0,135476165.0,-1447839.0,21610867.0,20163028.0,,33813827.0,161726.0,912809.0,,1230992.0,17848501.0,20163028.0,Y,
Waterloo CSD,2020,136719805.0,138916971.0,-1638873.0,20163028.0,18524155.0,,35392827.0,180078.0,1931290.0,,1230992.0,15181795.0,18524155.0,Y,
Waterloo CSD,2021,152577513.0,142306382.0,10682762.0,18524155.0,29206917.0,,41919667.0,217561.0,793868.0,,1230992.0,26948864.0,29206917.0,Y,
Waterloo CSD,2022,158718768.0,152655437.0,6100594.0,29206917.0,35307511.0,,44030933.0,249723.0,1159194.0,,1230992.0,31809926.0,35307511.0,Y,
Waterloo CSD,2023,159792553.0,159641560.0,240388.0,35307511.0,35547899.0,,50068756.0,234571.0,1640929.0,,1230992.0,31718094.0,35547899.0,Y,
Waukee CSD,2015,80441008.0,79309123.0,893883.0,6908986.0,7802869.0,,15581912.0,56551.0,852797.0,,,6893521.0,7802869.0,Y,
Waukee CSD,2016,88418065.0,88148318.0,24577.0,7802869.0,7827446.0,,17428980.0,44468.0,1118032.0,,,6664946.0,7827446.0,Y,
Waukee CSD,2017,98885785.0,94978270.0,3680553.0,7827446.0,11507999.0,,21543950.0,27453.0,1737788.0,,,9742758.0,11507999.0,Y,
Waukee CSD,2018,107573720.0,103337224.0,4102902.0,11507999.0,15610901.0,,27486756.0,,1227334.0,,,14383567.0,15610901.0,Y,
Waukee CSD,2019,115920742.0,113167055.0,2634601.0,15610901.0,18245502.0,,31185974.0,,1145054.0,,,17100448.0,18245502.0,Y,
Waukee CSD,2020,122584934.0,123675598.0,-1022352.0,18245502.0,17223150.0,,29524037.0,,1137297.0,,,16085853.0,17223150.0,Y,
Waukee CSD,2021,133363511.0,132262434.0,1379900.0,17223150.0,18603050.0,,30734535.0,,1444046.0,3908600.0,,13250404.0,18603050.0,Y,
Waukee CSD,2022,142894048.0,144288273.0,-1422922.0,18603050.0,17180128.0,,33565722.0,,1476549.0,4601587.0,,11101992.0,17180128.0,Y,
Waukee CSD,2023,158721023.0,156425252.0,2151497.0,17180128.0,19331625.0,,36503057.0,,1688620.0,4979059.0,,12663946.0,19331625.0,Y,
West Des Moines CSD,2015,100144183.0,98013421.0,2217608.0,13791241.0,16008849.0,,26531266.0,57385.0,2145210.0,4587716.0,,9218538.0,16008849.0,Y,
West Des Moines CSD,2016,106315093.0,101760794.0,4684365.0,16008849.0,20693214.0,,30082062.0,55794.0,3805044.0,4988125.0,,11844251.0,20693214.0,Y,
West Des Moines CSD,2017,107845611.0,101309514.0,6617770.0,20693214.0,27310984.0,,38518430.0,71931.0,4087212.0,5567381.0,,17584460.0,27310984.0,Y,
West Des Moines CSD,2018,111443926.0,118111376.0,-6489290.0,27310984.0,20821694.0,,33207957.0,69632.0,3482187.0,4881607.0,,12388268.0,20821694.0,Y,
West Des Moines CSD,2019,107264097.0,113019976.0,-5557515.0,20821694.0,15264179.0,,24799473.0,165448.0,2928847.0,4832526.0,,7337358.0,15264179.0,Y,
West Des Moines CSD,2020,116944641.0,114446448.0,2600534.0,15264179.0,17864713.0,,28854056.0,140575.0,2201318.0,4598506.0,,10924314.0,17864713.0,Y,
West Des Moines CSD,2021,125554087.0,121227543.0,3262295.0,17864713.0,21127008.0,,26842379.0,126647.0,2695958.0,5189067.0,,13007006.0,21127008.0,Y,
West Des Moines CSD,2022,129114481.0,121676880.0,7346324.0,21127008.0,28473332.0,,32843552.0,175754.0,2704263.0,5266678.0,,20326637.0,28473332.0,Y,
West Des Moines CSD,2023,132142293.0,128230859.0,3983745.0,28473332.0,32457077.0,,35140963.0,100955.0,3173260.0,4269646.0,,24913216.0,32457077.0,Y,
