year,K,1,2,3,4,5,6,7,8,9,10,11,12,total_k12,source_note
2017,1110,1090,1075,1090,1055,1045,1060,1075,1050,1075,1000,955,900,13580,Iowa DOE BEDS (approx)
2018,1090,1115,1085,1075,1085,1050,1050,1060,1075,1080,1050,980,940,13735,Iowa DOE BEDS (approx)
2019,1065,1095,1110,1090,1075,1080,1055,1045,1060,1105,1055,1025,965,13825,Iowa DOE BEDS (approx)
2020,980,1030,1065,1085,1080,1065,1070,1040,1040,1085,1075,1025,995,13635,Iowa DOE BEDS (approx; COVID year)
2021,1040,1000,1050,1060,1080,1075,1065,1065,1035,1065,1055,1050,1005,13645,Iowa DOE BEDS (approx)
2022,990,1045,1010,1055,1065,1080,1080,1065,1065,1060,1040,1040,1030,13625,Iowa DOE BEDS (approx)
2023,960,1000,1050,1015,1060,1065,1085,1080,1065,1090,1040,1025,1025,13560,Iowa DOE BEDS (approx; first ESA year)
2024,935,965,1000,1050,1020,1060,1065,1085,1080,1090,1070,1025,1005,13450,Iowa DOE BEDS (approx)
2025,910,940,965,1005,1055,1025,1060,1065,1085,1110,1075,1055,1005,13355,Iowa DOE BEDS (approx)
