district,fiscal_year,auditor,report_date,opinion_type,certified_enrollment,gf_revenue,gf_expenditure,gf_total_fund_balance,gf_unassigned,gf_assigned,aea_flowthrough,solvency_ratio_pct,operating_margin_pct,salaries_benefits,salary_benefit_pct_gf,cash_and_investments,go_debt_outstanding,save_rev_bonds,lease_sbita,capital_additions,depreciation,construction_in_progress,save_revenue,unrestricted_net_position,ipers_npl,opeb_liability,findings_count,material_weakness,significant_deficiency,repeat_finding,single_audit_findings,gfoa_cert,confidence,notes,debt_per_pupil,gf_rev_per_pupil
Ankeny CSD,2020,Bohnsack & Frommelt LLP,2020-10-29,unmodified,12255.80,137102479,135892411,19620391,12052028,,5447182,9.15,0.88,107879785,79.39,92276855,71090000,71525000,,23700324,8405713,26462560,12398165,-37030466,59047002,6160873,2,N,N,Y,no single audit findings,Y,High,No assigned fund balance line in GF - only committed (3576800) and unassigned; solvency denominator = gf_revenue - aea_flowthrough. Capital additions = sum of govt capital asset Increases (21549437 not-depreciated + 2150887 depreciated). OPEB = governmental activities net OPEB liability.,11637,11187
Ankeny CSD,2021,Bohnsack & Frommelt LLP,2022-01-19,unmodified,12147.36,146552936,143576563,23381691,17570627,,5743477,12.48,2.03,115313719,80.32,82716956,61400000,64230000,,49793668,8965773,20321306,12227256,-39318088,71402552,6569717,1,N,N,Y,no single audit findings,Y,High,No assigned fund balance line - only committed (1508700) and unassigned. Report date Jan 19 2022 (delayed beyond typical Oct-Nov window). Capital additions include large CIP completions (19128835 not-depreciated + 30664833 depreciated). OPEB = governmental activities net OPEB liability.,10342,12065
Ankeny CSD,2022,Bohnsack & Frommelt LLP,2022-11-15,unmodified,12512.30,148794966,148182929,24874180,16701092,,5857857,11.68,0.41,118078126,79.68,115613200,53465000,85655000,,18871389,9213869,36500862,14642895,-27876816,1274757,5325932,3,N,N,Y,no single audit findings,Y,High,No assigned fund balance - only committed (4354700) and unassigned. NPL dropped from 71.4M to 1.3M due to exceptional IPERS investment returns at 6/30/2021 measurement date. No GASB 87 lease obligations per note. GASB 96 (SBITA) not yet adopted. 3 findings: IV-A-22 budget exceeded; IV-H-22 enrollment variances; IV-I-22 supp weighting variances.,11119,11892
Ankeny CSD,2023,Bohnsack & Frommelt LLP,2023-11-13,unmodified,12671.33,157168326,157531067,25010019,13508869,421574,6185425,9.23,-0.23,120234578,76.32,95401273,41065000,77255000,401892,71659474,10987903,37453827,17067702,-17770711,40943358,5654219,2,N,N,Y,no single audit findings,Y,High,First year with Assigned fund balance (421574). GASB 96 SBITA adopted - IT subscription obligation 401892. Capital additions (71659474) include SBITA right-to-use assets and large building completions. 2 findings: IV-G-23 board minutes not timely published; IV-H-23 enrollment variances. OPEB = governmental activities net OPEB liability.,9338,12403
Ankeny CSD,2024,Bohnsack & Frommelt LLP,2024-12-05,unmodified,12753.83,164304090,164885632,24877844,17012685,421574,6464711,11.05,-0.35,125600305,76.17,81820157,28900000,68460000,588503,46227151,13130726,39789647,16692817,-14506599,46270679,5493170,4,N,N,Y,no single audit findings,Y,High,No GASB 87 lease obligations. SBITA obligation 588503. Depreciation 13130726 includes amortization of right-to-use IT subscription. Capital additions include land purchase (2296108). 4 findings: IV-G-24 board minutes; IV-H-24 enrollment; IV-I-24 supp weighting; IV-N-24 competitive quotes not obtained (~72K warehouse roof project).,7634,12883
Ankeny CSD,2025,Bohnsack & Frommelt LLP,2025-11-24,unmodified,12753.83,173604694,167605001,31111172,22144084,421574,5001999,13.38,3.46,128984701,76.96,95549219,15930000,59365000,426584,17138721,12794400,39555993,16715120,-20182327,36904937,5324211,6,N,Y,Y,no federal single audit findings section in available extracted text; format changed from prior years,Y,High,First year with significant deficiency (2025-001: enterprise fund revenue not reconciled - meal POS and child care). Certified enrollment 12753.83 from statistical section; MD&A notes 12679.52 adjusted count. 6 findings: 2025-001 sig deficiency; II-A-25 budget exceeded; II-D-25 business transactions with employees ~120K; II-G-25 board minutes; II-H-25 enrollment; II-I-25 supp weighting. OPEB = governmental activities net OPEB.,5904,13612
Burlington CSD,2020,Nolte Cornman & Johnson P.C.,2021-03-15,unmodified,3913,49204606,49365102,13373846,11752831,214614,1984635,25.34,-0.33,,,35777836,0,20240000,0,1299921,2577842,104777,4291152,-9225836,20734885,2479579,0,N,N,N,none - low-risk auditee,N,High,GF revenue/expenditure from Exhibit E (SOFRECFB). Enrollment 3913 = October 2020 count per MD&A (used for FY2021 funding; FY2020 actual October 2019 count not stated; 3913 reported as current at report date). Salaries+benefits not broken out by object in GF. Revenue bonds are SAVE bonds not GO. Part IV statutory findings: IV-H enrollment overstated 0.14; IV-I supplementary weighting understated 0.114; IV-N board policies not reviewed — these are Part IV statutory items not counted in findings_count (Parts II+III only). Cash = governmental activities SNP.,5173,12575
Burlington CSD,2021,Nolte Cornman & Johnson P.C.,2022-03-24,unmodified,3913,51880845,51073126,14133884,12410155,203863,1993363,25.28,1.56,,,38896016,0,18270000,0,1231286,2568267,365699,4080613,-9000698,24063630,2491167,0,N,N,N,none - low-risk auditee,N,High,MD&A boilerplate repeats 3913 enrollment from FY2020; no new enrollment number stated for FY2021. Fund balance beginning restated by $38394 for GASB 87 lease implementation in FY2022 (so FY2021 ending = beginning FY2022 as restated = $14172278). Revenue bond balance per SNP = $18270000 (non-current). No Part IV exceptions noted (no enrollment error no supplementary weighting error). Salaries+benefits not broken out by object. Capital additions = govtl increases.,4669,13259
Burlington CSD,2022,Nolte Cornman & Johnson P.C.,2023-04-03,unmodified,,54609316,53080927,15291087,13655354,230351,1984145,26.39,2.80,,,32368614,0,7620000,201103,3522540,2735196,1802617,5394479,-2938757,473737,2645879,0,N,N,N,none - low-risk auditee,N,Medium,Enrollment: October 2021 increased by 3.7 from ~3913 = ~3917 but exact number not stated; left blank. GASB 87 implemented; beginning fund balance restated +$34119. Revenue bond balance $7620000 (total: $330000 current + $7290000 non-current). Depreciation includes amortization of right-to-use lease asset. IPERS NPL dramatically reduced ($484394 total) due to IPERS strong investment returns (June 30 2021 measurement date). Part IV: IV-I supplementary weighting overstated 0.105. Capital additions = CIP increases + depreciable increases.,,
Burlington CSD,2023,Nolte Cornman & Johnson P.C.,2024-03-12,unmodified,,58031345,53765906,14955075,13507672,238500,1984098,24.52,7.35,,,73408036,0,43655000,526611,9266698,2845652,9695784,4703661,-1129164,13273381,1937718,1,N,Y,N,none - not low-risk auditee,N,High,Enrollment: October 2022 decreased by 56.6 from ~3917 = ~3860 but exact number not stated; left blank. Revenue bonds $43655000 (large increase from new bonds issued in FY2023 for high school renovations). Lease liability $526611 ($176888 current + $349723 non-current). Finding 2023-001 in Part II: Internal Control Deficiency - negative lunch account balances in School Nutrition Fund (enterprise fund). Classified as significant deficiency (Part I omits the usual no-sig-def statement). Part IV: IV-H enrollment overstated 2.00; IV-I supp weighting overstated 0.142; IV-N student activity fund inactive accounts and scholarship handling. CIP surged from $1.8M to $9.7M (high school air quality and renovation project underway).,,
Burlington CSD,2024,Nolte Cornman & Johnson P.C.,2025-03-13,unmodified,,52605503,54871021,9739831,8571515,249146,1944876,17.41,-4.31,,,57278196,0,42080000,349723,23488606,2797237,31961052,5085280,-3703337,14437974,1920677,0,N,N,N,none - not low-risk auditee,N,High,Enrollment not explicitly stated for FY2024 (MD&A cites October 2024 = subsequent year); left blank. Revenue bonds $42080000. Lease liability $349723. No Parts II/III findings. Part IV: IV-H enrollment understated 0.50; IV-N student activity fund inactive accounts (repeat of 2023-N). Federal Covid funds depleted this year causing revenue drop. CIP $31.96M (high school project ongoing). Solvency dropped sharply as GF unassigned fell by $5M.,,
Burlington CSD,2025,Nolte Cornman & Johnson P.C.,2026-02-26,unmodified,,51101614,56049281,4834714,3921837,231114,1649345,8.40,-9.68,,,42917040,0,40335000,531297,13736839,2840265,41004370,5021731,-4114338,11214282,0,0,N,N,N,none - low-risk auditee,N,High,Enrollment not stated for FY2025 (MD&A cites October 2025 = subsequent year); left blank. OPEB liability fully eliminated per ICHRA implementation (retirees removed from District plan). Revenue bonds $40335000. Lease liability $531297 ($121204 current + $410093 non-current). AEA flowthrough decreased to $1649345 (Iowa AEA restructuring effective July 1 2024). GF fund balance down 50% from FY2024; solvency at lowest point in series. Capital additions $13.7M (high school project $41M CIP at year-end).,,
Cedar Rapids CSD,2020,RSM US LLP,2021-01-18,unmodified,16851,212205298,218169217,28580741,25003962,0,7867389,12.24,-2.81,176411513,80.86,128940927,2200000,106780461,,2924061,5956814,979354,17582925,-75709227,103506660,24545788,4,N,N,Y,No single-audit findings (internal-control and compliance sections II and III both no matters reported). IV-G enrolled variances; IV-I deposits and investments (2 sub-findings); IV-M Daycare deficit (all statutory),Y,High,"Statutory IV findings: IV-G enrollment variances; IV-I deposits excess + investment rate sub-compliance (counted as 2); IV-M daycare deficit due to IPERS NPL. Daycare deficit finding repeats from prior year (2019). GF Assigned = 0 (the $2.05M shown in statistics is in SAVE fund). Capital additions = govtl only (14215 CIP + 2909846 depreciated) but note: net change in CIP was retirements/transfers; additions to depreciable assets = 2,909,846 + CIP additions 14,215 = 2,924,061. GF total fund balance includes nonspendable 976904 + restricted 2461725 + committed 138150 + assigned 0 + unassigned 25003962 = 28580741.",6467,12593
Cedar Rapids CSD,2021,RSM US LLP,2022-01-14,unmodified,16237,224042625,221810281,33565350,30805268,0,8010708,14.26,1.00,178458675,80.46,129670361,0,108951461,,23457553,5952184,21456283,16827764,-58317993,123487975,21933817,2,N,N,Y,No federal single-audit findings (sections II and III no matters). IV-H enrollment variances (statutory); IV-N Daycare deficit (statutory - repeat from FY2020),Y,High,Enrollment variances finding (IV-H) and Daycare deficit finding (IV-N) are statutory Iowa findings counted. Daycare deficit repeat from FY2020. Capital additions govtl: CIP 20926476 + depreciable 2531077 = 23457553. SAVE revenue = statewide sales services and use tax receipt only (16827764 from statutory schedule). Large IPERS NPL increase ($19.9M addition) due to actuarial changes. GObonds fully retired in FY2021.,6710,13798
Cedar Rapids CSD,2022,RSM US LLP,2022-12-07,unmodified,16086,232730672,228523828,37865195,28087999,0,7979687,12.50,1.81,180332506,78.91,116058725,0,100639461,1854763,43456505,6484347,20898208,20983825,-12637051,2437712,21091089,1,N,N,N,No federal single-audit findings (sections II and III all no matters; section I shows x-No for all). IV-H enrollment variances only substantive statutory finding,Y,High,GASB 87 lease liability implemented (restated opening balance; equipment leases 2428708 beginning). Capital additions govtl: CIP 20981120 + depreciable 22177102 = 43158222 (note: land 298283 also added; total additions = 21279403+22177102=43456505). IPERS NPL dropped dramatically from 123.5M to 2.4M due to actuarial gain - large pension asset recognized. No daycare deficit finding this year (Daycare returned to positive). GF Assigned = 0 (SAVE assigned 2052460 in SAVE fund not GF). Cybersecurity incident noted July 2022 (post-period).,6256,14468
Cedar Rapids CSD,2023,RSM US LLP,2024-01-25,unmodified,14652,235412324,229342377,42865536,38324951,0,7985606,16.85,2.58,178817627,77.97,137636852,0,102251461,1343651,32827254,6958445,6857040,20703249,-23649738,67122148,21838738,2,N,Y,N,No federal single-audit findings (sections II and III: II has finding 2023-001 for GFS only). Finding 2023-001 = significant deficiency re prepaid expenditure recording,Y,High,Finding 2023-001 (significant deficiency - inadequate controls over prepaid expenditures) in financial statement section; not a federal finding. Uncorrected misstatements of $1.5M GF and $291K SAVE deemed immaterial. Enrollment dropped sharply to 14652 (certified) from 16086 - large decline. Capital additions govtl: CIP 6144328 + depreciable 26682926 = 32827254. IPERS NPL surged back to $67.1M due to actuarial losses. Lease (GASB 87) remaining 1343651. GF Assigned = 0.,6979,16067
Cedar Rapids CSD,2024,RSM US LLP,2025-01-29,unmodified,16139,234484377,233188518,45599724,39377259,0,7988949,17.39,0.55,181975493,78.04,153691640,0,112796461,910971,27983876,23558245,29274774,21024171,-9383578,68226852,22482598,2,N,N,Y,Federal finding 2024-001: Title I special tests noncompliance - District did not maintain written documentation for student cohort removals (23 of 25 sampled). Not a repeat.,Y,High,Finding 2024-001 is a federal compliance finding (noncompliance - special tests) not an internal-control finding. Prior year 2023-001 corrected (noted in summary schedule). Capital additions govtl: CIP 22417734 + depreciable 5483392 + land 82750 = 27983876. Depreciation unusually high (23.6M) includes catch-up/accelerated on buildings. IPERS NPL slightly up (68.2M). GF fund balance continues rising - 45.6M. Enrollment 16139 (stat section). GF Assigned = 0.,6989,14529
Cedar Rapids CSD,2025,RSM US LLP,2025-12-19,unmodified,16120,229926776,240345218,36118041,30777057,0,6834441,13.80,-4.53,188859178,78.58,159466357,0,117941461,463221,53567451,7978731,8385254,21347583,-1463947,53041568,15860207,,,,,N/A - separately issued,Y,Medium,2025 ACFR issued under GAAS only (not Government Auditing Standards); single-audit compliance report issued separately and not included in this file. Findings count and material-weakness/significant-deficiency classifications cannot be confirmed from this file (left blank). Capital additions govtl: CIP 11175621 + depreciable 34896133 + land 7495697 = 53567451. OPEB liability decreased substantially (22.5M to 15.9M) due to actuarial gains. IPERS NPL decreased to 53.0M. GF deficit for year (revenues 229.9M vs expenditures 240.3M = -10.4M swing). Enrollment 16120. GASB 101 Compensated Absences adopted July 1 2024 (restatement). AEA flowthrough dropped from 8.0M to 6.8M (-14.5%). No SBRC/spending-authority reduction language found in any of the six files.,7316,14263
College CSD (Prairie),2020,CliftonLarsonAllen LLP (Cedar Rapids IA),2021-01-04,unmodified,5194.1,63987865,63091052,10926398,10373174,111885,2387062,17.02,1.40,,,50062588,111995000,14336000,,21662308,4250057,47503339,5326718,-30653571,30559045,15305550,0,N,N,N,No findings (Part III none; single audit unmodified),N,High,"Enrollment is Oct 2019 count per MD&A (FY2020 school year; ""will increase funding for the 2020-21 school year"" per text - used as the in-year certified count). Capital additions = $20902104 non-depreciable increases + $760204 depreciable increases. Cash = governmental $48474918 + BTA $1587670. IPERS NPL and OPEB are governmental-activities figures. Part IV only: IV-A budget exceeded in other-expenditures function + IV-M proprietary-fund deficit; neither in Parts II-III so findings_count=0. No GFOA cert mentioned anywhere in document.",24322,12319
College CSD (Prairie),2021,CPA firm Moline IL (name not in text extraction),2021-12-21,unmodified,5089,68676282,65566658,13929171,13370935,120046,2477198,20.38,4.53,,,79304566,132010000,21857000,398061,57860038,6046449,9556963,5930144,-31204828,36645950,17993238,1,N,Y,N,No findings Part III; single audit unmodified,N,Medium,"Enrollment Oct 2020 estimated as ~5089 per FY2020 MD&A forward-looking note (stated ""decrease of 105 students in October of 2020""); exact decimal not available in source text. FY2020 ACFR stated Oct 2019 = 5194.1 (used for FY2020 row). Capital additions = $10530822 CIP increases + $47329216 depreciable asset increases. Cash = govt $77367930 + BTA $1936636. Lease $398061 issued mid-year. Finding 2021-001: significant deficiency - insufficient segregation of duties over receipts process; IV-H enrollment variance (statutory not counted in findings_count). Firm name absent from text extract - signed Moline IL.",30235,13495
College CSD (Prairie),2022,CPA firm Moline IL (name not in text extraction),2023-01-17,unmodified,,69615113,69615997,13912980,13006961,140690,2481035,19.58,-0.00,,,54881833,126325000,28625000,126799,49115139,6962051,44913059,6252782,-24015774,889109,15205995,0,N,N,Y,No findings Part II-III; single audit unmodified,N,Medium,Certified enrollment not stated in text for this year; variances in October 2021 enrollment noted as finding IV-H-22 (repeat of IV-H-21 not corrected) - counted as repeat statutory finding. Capital additions = $40718351 CIP increases + $8396788 depreciable. IPERS NPL dropped dramatically to $889109 due to excellent IPERS investment returns in measurement period (FY2022); large pension deferred inflow of $27238112 reflects near-full funding. Revenue bonds include 2017 ($3.5M remaining) and 2020 ($25.1M remaining) SAVE bonds totaling $28625000. Firm name absent from text extract.,,
College CSD (Prairie),2023,CPA firm Moline IL (name not in text extraction),2024-01-31,unmodified,,71111767,72308222,12687100,12210480,132450,2567605,18.01,-1.68,,,67027470,119710000,59339000,184927,28785502,7201235,65528029,6161666,-21105120,20488378,15329079,0,N,N,Y,No findings Part II-III; single audit unmodified,N,Medium,Certified enrollment not stated in text. IV-H-23 enrollment variance finding (repeat of IV-H-22 not corrected) - statutory. Revenue bonds jumped to $59339000 due to new $33M issuance during year. Lease $85375 + SBITA $99552 = $184927 combined. Capital additions = $23948866 CIP increases + $4836636 depreciable increases = $28785502. Cash = govt $63172710 + BTA $3854760. OPEB (govt) $15329079. Firm name absent from text extract.,,
College CSD (Prairie),2024,CPA firm Moline IL (name not in text extraction),2025-02-20,unmodified,,71926575,75383474,9206351,8733156,139020,2633213,12.80,-4.80,,,38354559,112900000,56999000,53701,95587650,8934688,30096106,6781646,-21707696,23725450,10513302,0,N,N,Y,No findings Part II-III; single audit unmodified,N,Medium,Certified enrollment not stated in text; IV-H-24 enrollment variance (repeat of IV-H-23 not corrected) + IV-I supplementary weighting variances (statutory). Large capital activity: CIP additions $29451653 + depreciable additions $66135997 = $95587650 (large buildings transfer as new school completed). CIP decreased from $65.5M to $30.1M. Revenue bonds $56999000 (down from $59339000). Lease $43114 + SBITA $10587 = $53701. OPEB (govt) $494297 current + $10019005 LT = $10513302. Firm name absent.,,
College CSD (Prairie),2025,CPA firm East Moline IL (name not in text extraction),2026-02-16,unmodified,,75702538,79645682,5215707,4684712,125581,2063974,6.53,-5.21,,,56454829,149125000,54604000,1375158,64974294,11149724,19161018,6712925,-31099586,19089500,9924986,1,N,Y,Y,No findings Part III; single audit unmodified,N,Medium,Certified enrollment not stated in text; IV-H-25 enrollment variance (repeat of IV-H-24 not corrected - statutory). Finding 2025-001: significant deficiency - insufficient segregation of duties over payroll cycle (not a repeat of 2021-001). GO bonds increased $36.2M due to new $43M issuance for continuing construction program. Capital additions = $24561836 CIP increases + $40412458 depreciable increases = $64974294. Revenue bonds $49000000 + private placement $5604000 = $54604000. Lease $1369667 + SBITA $5491 = $1375158 (equipment note $854889 excluded per field definition). OPEB (govt) $494297 + $9430689 = $9924986. Firm name absent from text extract.,,
Davenport CSD,2020,"Bohnsack & Frommelt, Certified Public Accountants","December 18, 2020",unmodified,14470,191199787,183013826,25454380,19897473,,7368697,10.82,4.28,,,52206206,,7980000,,14494897,12076126,4393664,15604743,-55648330,91096437,12698837,6,Y,Y,Y,2020-005 MW payroll monitoring ESSER; 2020-006 SD nutrition reconciliation,Y,Medium,GF cash only (pooled cash and investments shown as $52.2M GF per balance sheet); capital additions = CIP increases + depreciable asset increases; no Assigned GF balance present; salaries/benefits not separately stated by object in GF statements (approx 84% per MD&A); AEA is pass-through shown as GF expenditure,551,13214
Davenport CSD,2021,"Bohnsack & Frommelt, Certified Public Accountants","January 25, 2022",unmodified,14412,194639365,191417781,28499620,22312601,,7392144,11.92,1.66,,,49276837,,5770000,,9954331,12444796,424735,14910295,-54474215,102530339,10577188,8,Y,Y,Y,2021-005 MW allowable costs ESSER; 2021-006 SD nutrition reconciliation; 2021-007 NC unallowable costs ESSER $540K; 2021-008 NC Title I test security,Y,Medium,Certification enrollment per October 2020 count 14412; GF cash per balance sheet; capital additions = CIP + depreciable additions; no Assigned GF balance; salaries/benefits not stated by object; qualified federal opinion on ESSER programs,400,13505
Davenport CSD,2022,"Bohnsack & Frommelt, Certified Public Accountants","December 16, 2022",unmodified,14166,202274754,195608139,35293803,31864061,,7364149,16.35,3.3,,,54415534,,3505000,,1795740,12830801,575781,17490904,-25887735,1980038,9926312,7,Y,Y,Y,2022-003 and 2022-004 SD; 2022-005 thru 007 NC federal,Y,Medium,Enrollment per statistical section 14166; GASB 87 and 96 not yet adopted in FY2022 (forthcoming); IPERS NPL dropped dramatically to $1.98M due to GASB measurement year shift; no Assigned GF balance; seven IC+compliance findings,247,14279
Davenport CSD,2023,"Bohnsack & Frommelt, Certified Public Accountants","December 18, 2023",unmodified,13786,220539091,201686938,50668239,46354674,,7351527,21.74,8.55,,,65308906,,1180000,265227,9091950,11948455,4252402,19740392,4002289,52623263,8161002,3,N,Y,Y,2023-002 SD ESF pre-approval monitoring; 2023-003 NC overcharged indirect costs ESF $94K,Y,High,SAVE rev bonds = $1.18M remaining (paid off FY2024); GASB 87/96 first year; lease/SBITA: lease $93975 + IT sub $171252 = $265227 (govt only); IPERS NPL $52.6M; no material weakness; two IC+compliance findings + one noncompliance federal,86,15997
Davenport CSD,2024,"Bohnsack & Frommelt LLP, Certified Public Accountants","November 11, 2024",unmodified,13574,232193237,214069537,56660994,51735493,,7173151,22.99,7.81,,,71641316,,75900000,197848,36917386,12027989,17962754,18659770,19900042,56967543,8604005,2,N,Y,Y,2024-002 NC overcharged indirect costs Child Nutrition $49K,Y,High,Enrollment per stat table 13574 (MD&A says approximately 13786 which was FY2023 figure reused in error); $75.9M new SAVE revenue bonds issued March 2024; lease/SBITA: lease $57992 + IT sub $139856 = $197848; capital additions large due to building program; two findings,5592,17106
Davenport CSD,2025,"Bohnsack & Frommelt LLP, Certified Public Accountants","November 24, 2025",unmodified,13370,197021300,201929149,51155858,46050819,,6003311,24.11,-2.49,,,79767611,,74000000,101695,66997389,12317947,49245037,18234760,-9321791,44627024,9078442,0,N,N,Y,no single audit findings,Y,High,No internal control or federal findings - clean audit; GASB 101 emphasis paragraph; enrollment 13370; large CIP $49.2M reflects active building program; save bonds $74M outstanding; lease/SBITA = lease $20731 + IT sub $80964 = $101695; compensated absences restated beginning balance $32.2M due to GASB 101,5535,14736
Des Moines Independent CSD,2020,RSM US LLP,2021-01-11,unmodified,32545,460327437,432741578,125060027,91410321,2374122,15108730,21.07,5.99,,,264827969,,174670000,,29242369,14688512,59994855,33985178,-121062299,195716762,48332108,2,N,N,Y,No single audit findings,Y,High,Enrollment=Oct 2019 count; AEA flowthrough per GF expenditure line; solvency=(unassigned+assigned)/(GF rev-AEA); SAVE rev from statutory schedule; cash=SNP govt activities cash+restricted; capital additions=CIP additions 25806900+depreciable additions 3435469; GO bonds: none identified in debt notes - only revenue bonds; salaries+benefits not broken out at object level in GF; repeat finding: IV-G enrollment variance carried from 19-IV-G and IV-M deficit carried from prior year,5367,14144
Des Moines Independent CSD,2021,RSM US LLP,2021-12-17,unmodified,31622,508163078,450242429,184265129,151959117,2374122,15424026,31.32,11.40,,,270686421,,158015000,,91301580,15075261,13147599,32556765,-75317080,208605541,41933409,2,N,N,Y,No single audit findings,Y,High,Enrollment=Oct 2020 count; large capital additions in 2021 due to school renovation completions (67M+ of CIP transferred to buildings); capital additions=CIP additions 21135160+depreciable additions 70166420; repeat finding: IV-G enrollment and IV-M deficit carried from 2020; SAVE bonds reduced by refunding; cash=SNP govt activities 267280325+restricted 3406096,4997,16070
Des Moines Independent CSD,2022,RSM US LLP,2022-11-29,unmodified,31024,459373498,465845285,179845901,154372935,2331042,15405608,35.30,-1.41,,,325459655,,132600000,5984721,49909507,19885595,9918962,38218634,-38233173,43645345,41254939,2,N,N,Y,No single audit findings,Y,High,Enrollment=Oct 2021 count; GASB 87 leases implemented July 1 2021 (restated); lease liability ending 5984721 no SBITA; NPL dropped sharply due to favorable IPERS actuarial results; capital additions=CIP additions 21259523+depreciable 28649984; cash=SNP govt activities 321849087+restricted 3610568; depreciation includes amortization of lease assets 3710288,4274,14807
Des Moines Independent CSD,2023,RSM US LLP,2024-03-22,unmodified,30774,488691573,486633749,184326862,160586811,2703026,15350173,34.50,0.42,,,332483952,,116155000,2531196,56251380,20921650,27578738,42571605,-20898432,148711899,40167567,4,N,Y,Y,Finding 2023-002: Child Nutrition Cluster reporting significant deficiency (cyber incident impact),Y,High,Enrollment=Oct 2022 count (school year 2022-23); Finding 2023-001 IT ransomware attack (SD at financial statement level new); Finding 2023-002 SD federal Child Nutrition reporting (new); IV-C travel finding approx 35000 in questionable expenses (new); IV-G enrollment variance (repeat of IV-G-22); SBITA adopted per GASB 96; lease+SBITA=2445010+86186; SAVE rev=local option 42571605; NPL rebounded as actuarial assumptions reset; repeat_finding=Y because IV-G-23 enrollment variance is repeat of IV-G-22,3774,15880
Des Moines Independent CSD,2024,RSM US LLP,2025-01-17,unmodified,30802,478241184,491327193,175410005,154171736,2801633,15358170,33.91,-2.74,,,332563018,,98880000,1059228,59559852,20587633,30443044,40540358,-23663082,166329668,43705777,1,N,Y,N,No federal single audit findings,Y,High,Enrollment=Oct 2023 certified (2023-24 school year); Finding 2024-001 SD: open enrollment payments not recorded in correct period (audit adjustment $6.1M GF); lease=884798+SBITA=174430; capital additions=CIP 28587198+depreciable 30972654; cash=SNP govt 328241204+restricted 4321814; SAVE rev=local option 40540358; repeat finding=N (2023 findings corrected),3210,15526
Des Moines Independent CSD,2025,RSM US LLP,2026-03-04,unmodified,30836,470207346,517163529,131879126,113882199,1444973,12791800,25.21,-9.99,,,308190138,,80825000,1581384,81836041,19741499,10114879,40741153,-69633994,123424591,40097415,3,Y,N,N,No federal single audit findings,Y,High,Enrollment=fiscal year 2025 (Oct 2024 count); Finding 2025-001 MW: OPEB liability allocated entirely to govt activities since GASB 75 adoption - should have been split with enterprise funds (restatement required); IV-A budget overage finding (support services and noninstructional exceeded certified budget); IV-N deficit balance finding (School Nutrition and Child Care funds); OPEB restated; lease=483616+SBITA=1097768; capital additions=CIP 26468350+depreciable 55367691; SAVE bonds decreasing toward payoff; AEA flowthrough dropped sharply (legislative change effective FY2025); cash=SNP govt 303622611+restricted 4567527,2621,15249
Dubuque CSD,2020,Jim Kircher & Associates PC,2020-12-14,unmodified,10489.0,132171981,132654280,18125154,16524327,0,5239713,13.02,-0.36,113419409,85.5,61693452,0,63148000,,20407472,7474220,1212532,10810216,-51541272,59510658,12041969,0,N,N,Y,no findings - low-risk auditee,N,High,"SAVE rev bonds = all revenue bonds ($63.1M); no GO bonds; sal+ben computed from MD&A 85.5% pct; gf_assigned=0 (none on balance sheet); cash+invest = govtl activities only ($61.7M); capital additions = increases to depreciable assets $19,244,588 + CIP net increase $1,162,884 - wait depreciable additions only; CIP end=$1,212,532; repeat finding = IV-H enrollment variance recurs from prior audit; 2020 statutory findings include IV-H (enrollment variances) and IV-I (supplementary weighting variances)",6020,12601
Dubuque CSD,2021,Jim Kircher & Associates PC,2021-12-13,unmodified,10309.9,145074388,137835817,24931146,23065023,0,5445421,16.52,4.99,116195594,84.3,63584554,0,57389000,,8170225,7681216,3840957,10470364,-43081254,72141476,13354387,0,N,N,Y,no findings - low-risk auditee; major program = Education Stabilization Fund (CFDA 84.425),N,High,"SAVE rev bonds = all revenue bonds ($57.4M); no GO bonds; sal+ben computed from MD&A 84.3% pct; cash+invest = govtl activities ($63.6M); capital additions = depreciable increases $4,496,775 + CIP net $2,628,425; repeat finding = IV-H enrollment variance and IV-I supplementary weighting (both recurring from 2020); 2021 GF unassigned confirmed $23,065,023 from balance sheet (statistical table label appears transposed)",5566,14071
Dubuque CSD,2022,Jim Kircher & Associates PC,2022-12-12,unmodified,10120.3,149213189,144537665,30277495,28035617,0,5483327,19.51,3.13,120255337,83.2,98669437,0,82336000,,15998172,7614671,17286318,12440309,-30669234,1367831,10876570,0,N,N,Y,no findings under UG Sec 200.516 - low-risk auditee,N,High,"SAVE rev bonds = all revenue bonds ($82.3M incl refunding bonds); GASB 87 implemented - no leases; no GO bonds; sal+ben computed from MD&A 83.2% pct; cash+invest = govtl activities ($98.7M); capital additions = depreciable $1,707,683 + CIP increases $14,290,489; statutory finding 2022-A = certified budget exceeded in other services; IV-H enrollment variance recurring; FY2022 NPL restated to $1.4M from $72M due to IPERS allocation change",8136,14744
Dubuque CSD,2023,Jim Kircher & Associates PC,2023-12-11,unmodified,10063.1,139402754,142565488,27589009,25481734,0,5500076,19.03,-2.27,119755010,84.0,92236446,0,76942000,423278,18065136,7753331,27649483,13886399,-24581437,39628558,10671972,0,N,N,Y,no findings under UG - low-risk auditee,N,High,"SAVE rev bonds = all revenue bonds ($76.9M); GASB 96 SBITA adopted - subscription liability $423,278 end of year; no GASB 87 leases; no GO bonds; sal+ben computed from MD&A 84.0% pct; cash+invest = govtl activities ($92.2M); capital additions = depreciable $4,696,653 + CIP increases $13,368,483; IV-H enrollment variance recurring; NPL surged to $39.6M due to IPERS plan changes",7646,13853
Dubuque CSD,2024,BAC CPA LLC,2024-12-09,unmodified,9996.0,136995614,141615196,23355130,21314572,0,5524824,16.21,-3.37,120372917,85.0,90412348,0,71890000,211639,17819028,8155198,34863052,13258060,-23353158,44746823,10226418,0,N,N,Y,no findings under UG - low-risk auditee,N,High,"New auditor BAC CPA LLC starting FY2024; SAVE rev bonds = all revenue bonds ($71.9M); SBITA = subscription liability $211,639 end of year; no GO bonds; sal+ben computed from MD&A 85.0% pct; cash+invest = govtl activities ($90.4M); capital additions to depreciable $8,227,015 + CIP net $9,592,013 (rounded); IV-H enrollment variance recurring; unrestricted NP = -23,353,158 per FY2024 ACFR (restated to -26,578,948 in FY2025 report for compensated absences GASB change)",7192,13705
Dubuque CSD,2025,BAC CPA LLC,2026-01-12,unmodified,9862.9,142364764,143254460,22795025,21167328,0,4616416,15.37,-0.62,122196054,85.3,106764627,0,80946000,678830,45477286,9140870,2823002,13221626,-21682499,34401444,10204362,0,N,N,Y,no findings under UG - low-risk auditee,N,High,"SAVE rev bonds = all revenue bonds ($80.9M incl new $15M issuance); SBITA = subscription liability $678,830 end of year (new subscription added); no GO bonds; sal+ben computed from MD&A 85.3% pct; cash+invest = govtl activities ($106.8M); capital additions = depreciable increases $42,776,994 + CIP increases $2,700,292 (major prior-year CIP placed in service); 2025-A = certified budget exceeded in instruction (statutory; similar to 2022-A); IV-H enrollment variance 17.00 - largest on record; enrollment declined to 9863 from 10489 in 2020 (-6.0%)",8207,14434
Iowa City CSD,2020,RSM US LLP,2021-01-15,unmodified,14572,169739238,173099142,11240140,6876239,0,6529748,4.21,-1.98,,,129537101,176905000,82495000,381196,77886985,11617145,115238055,14800144,-65844793,86029745,10639021,2,N,N,N,None,Y,High,"Capital lease $381,196 pre-GASB 87; SAVE bonds two tranches: $42,115,000 + $40,380,000; IPERS NPL total (govt $84,309,150 + business $1,720,595); Assigned GF = $0; enrollment is official Oct 2019 count per operating stats; salaries-benefits not broken out at object level in GF; 2 statutory findings (IV-D: 1099 filing; IV-H: enrollment variance of -14.09); no GAGAS or single-audit findings; solvency uses gf_revenue minus AEA flowthrough denominator",17801,11648
Iowa City CSD,2021,RSM US LLP,2022-01-19,unmodified,14284,190498914,184984176,15890150,11653470,0,6829103,6.35,2.89,,,77918215,170605000,74430000,0,51075562,12485451,80540792,14539517,-51831446,102459357,11232609,2,N,N,N,None,Y,High,"Auditors issued Emphasis of Matter for restatement: beginning govt net position restated by $35,176,984 for CIP overstatement (finding 2021-001) and for GASB 84 adoption; opinion not modified; GF ending balance in MD&A $15,734,218 differs from balance sheet $15,890,150 due to GASB 84 restatement; Assigned GF = $0; IPERS NPL total (govt $100,410,162 + business $2,049,195); SAVE bonds two tranches: $38,215,000 + $36,215,000; no GASB 87 lease yet (adopted FY2022); 1 GAGAS finding (2021-001 CIP controls) + 1 statutory enrollment variance",17155,13337
Iowa City CSD,2022,RSM US LLP,2022-12-20,unmodified,14395,196760462,202187558,10063054,5356550,0,6897343,2.82,-2.76,,,73022633,164020000,66205000,250317,16893963,13580010,20994643,17240332,-41636368,2054352,12187000,3,N,Y,N,Title I student withdrawal record (2022-002; no questioned costs),Y,High,"GASB 87 adopted FY2022: lease liability $250,317 for copiers; IPERS NPL dramatically reduced to $2,054,352 due to GASB measurement-date catch-up (plan performance); SAVE bonds two tranches: $34,115,000 + $32,090,000; 1 significant deficiency (2022-001 expenditure cutoff in PPEL/Capital Projects ~$268k); 1 federal compliance finding (2022-002 Title I withdrawal record); 1 statutory enrollment variance (-5.84 students); capital outlay unusually low as major GO Bond construction phase winding down; salaries-benefits not object-detail separated in GF",15993,13669
Iowa City CSD,2023,RSM US LLP,2025-08-27,unmodified,14440,209488033,207876297,10151221,4960343,0,7118887,2.45,0.77,,,149426571,156815000,164695000,229851,41014460,14896031,30731363,19687857,-35853645,61350782,13009704,7,Y,Y,Y,Education Stabilization Fund cut-off errors $58k (2023-003 significant deficiency + noncompliance); lack of review on ESF reports (2023-004 material weakness); late single audit filing - package due 2024-03-31 submitted Aug 2025 (2023-005 significant deficiency + noncompliance),N,Medium,"REPORT DATE 26+ MONTHS LATE - audit for FY ended 2023-06-30 not issued until 2025-08-27 due to personnel turnover; material weakness 2023-001: financials required significant revisions; year-end close not completed until Dec 2024; significant audit adjustments to original trial balance; supporting reconciliations did not agree to FS amounts; significant deficiency 2023-002: bank reconciliations contained unreconciled items approximately $1.06M and $1M on two accounts; $55k payroll entry required reversal; significant deficiency 2023-006: CFO had incompatible duties (vendor setup + invoice processing + journal entries + cash disbursements); corrective action plan notes prior accounting leadership failed to properly reconcile balance sheet with unknown variances and errors compounding misstatements; finding 2023-001 is repeat of 2022-001 (Not Corrected); lease $205,142 + SBITA $24,709 = $229,851 total; SAVE bonds note: $164,695,000 in notes from direct borrowings (new bond issuance FY2023); IPERS NPL total (govt $60,123,766 + business $1,227,016); FY2024 and FY2025 audits NOT filed as of knowledge cutoff; Moody's bond rating reportedly lost; enrollment is Oct 2022 certified count per transmittal; findings count = 6 GAGAS/federal numbered findings + 1 statutory enrollment variance; no GFOA cert - transmittal does not mention submitting for GFOA",22265,14507
Iowa City CSD,2024,RSM US LLP,2026-06-10,unmodified,14379,208955795,199886456,19053053,16281856,0,7299380,8.07,4.34,,,84738825,149370000,155890000,750206,77377871,15758569,85824508,19022440,-26380390,70298085,16819043,17,Y,Y,Y,Qualified opinion on Education Stabilization Fund (84.425B/C/U/W) and Special Education Cluster (84.027); ICFR-over-compliance material weaknesses 2024-009 to 2024-011 + significant deficiency 2024-012; allowable-costs finding 2024-013 + Special Education scope limitation 2024-014,N,High,"FY2024 audit FILED June 10, 2026 (RSM US LLP, East Moline IL) - ~23 months after FYE 6/30/2024, but no longer the 26-month delay seen on FY2023. UNMODIFIED opinion with Emphasis-of-Matter: govt-activities beginning net position restated -$6,150,861 to correct prior-period errors (Note 15). HEAVY FINDINGS: 5 financial-statement material weaknesses (2024-001 to 005) + 3 material noncompliance findings (2024-006 to 008); federal single audit drew QUALIFIED opinions on the Education Stabilization Fund and Special Education Cluster, with compliance material weaknesses/significant deficiency (2024-009 to 014); District is NOT a low-risk auditee. GF unassigned rebuilt to $16,281,856 (solvency 8.07%) and GF cash to $22,536,992 after the FY2022-23 trough. IPERS NPL total (govt $68,976,481 + business $1,321,604). SAVE/sales-tax revenue bonds $155,890,000; GO bonds $149,370,000 principal (premium excl); lease $154,209 + IT subscription $595,997 = $750,206; capital loan notes $945,000 (immaterial, excluded from debt/pupil for consistency with prior years). capital_additions = capital outlay $77,377,871; depreciation/amortization $15,758,569. cash_and_investments is governmental-activities cash $84,738,825 (down from FY2023 as bond proceeds were spent on construction); GF portion is $22,536,992. salaries-benefits not object-split in GF audit (CAR provides it separately). Enrollment is Oct 2023 certified count 14,378.7. findings_count = 14 numbered (2024-001..014) + 3 statutory (IV-H certified enrollment, IV-I supplementary weighting, IV-J depository resolution).",21236,14532
Johnston CSD,2020,Van Maanen Sietstra Meyer & Nikkel PC,BLANK-in-PDF,unmodified,7105.7,82568683,84937989,12146145,10518726,0,3177946,13.25,-2.87,,,59454734,48510000,48124000,1270413,13785054,6064501,1220708,7313864,-15636587,37921343,4496472,2,N,N,N,No single audit findings,Y,High,Report date shows ==== in PDF (a pre-publication placeholder). AEA separately stated. GF Assigned=$0 (no Assigned category; only Nonspendable $85572 + Restricted $1541847 + Unassigned). Solvency = Unassigned / (GF Rev minus AEA). Lease = pre-GASB87 capital lease. IPERS NPL = combined govt $35440808 + BTA $2480535. OPEB = combined net OPEB govt $4242027 + BTA $254445. Capital additions = CIP adds $4063161 + depreciable adds $9721893. Findings count = 2 Part IV statutory items only (IV-H enrollment variance + IV-I supp weighting); Parts II & III clean.,13600,11620
Johnston CSD,2021,Van Maanen Sietstra Meyer & Nikkel PC,2021-11-15,unmodified,7004.2,90297900,85982677,15971161,13781660,0,3300087,15.84,4.78,,,69966841,43465000,44385000,860411,3359508,6058163,0,7092979,-13761035,45039752,5006438,2,N,N,Y,No single audit findings,Y,High,GF Assigned=$0 (no Assigned category). Solvency = Unassigned / (GF Rev minus AEA). Lease is pre-GASB87 capital lease. IPERS NPL = govt $42252580 + BTA $2787172. OPEB = govt $4719207 + BTA $287231. Capital adds = CIP $904585 + depreciable $2454923; CIP balance = 0 at year-end (all completed). Findings = 2 Part IV (IV-H enrollment + IV-I supp weighting); repeat from FY2020.,12542,12892
Johnston CSD,2022,Van Maanen Sietstra Meyer & Nikkel PC,2023-01-09,unmodified,6986.9,93296992,88285047,21380621,18556483,0,3357295,20.63,5.37,,,63159720,14520000,40485000,446631,1326357,6061941,0,8448742,1064987,878140,3656416,1,N,N,N,No single audit findings,Y,High,IPERS NPL dropped 98% (govt $836033 + BTA $42107 = $878140) due to actuarial assumption changes. OPEB = govt net $3458540 + BTA $197876; OPEB total liability per note = $3656416. No enrollment/supp weighting variances in FY2022. Finding = 1 (Part IV budget exceeded; 2022-A). Lease = GASB 87 right-of-use. Capital adds = depreciable only (no CIP at year-end).,7873,13353
Johnston CSD,2023,Van Maanen Sietstra Meyer & Nikkel PC,2024-03-18,unmodified,6984.8,91883625,92841732,20773674,15556695,0,3422783,17.59,-1.04,,,66483518,0,32760000,0,1711326,6225602,0,9567874,6475282,24495955,4077743,3,N,N,Y,No single audit findings,Y,High,GO bonds fully retired in FY2023. GF has Committed $2150000 (Board resolution) but no Assigned category label. IPERS NPL rebounded: govt $23307018 + BTA $1188937. OPEB = govt $3855169 + BTA $222574; OPEB total per note = $4077743. Findings = 3 Part IV items (2023-A budget exceeded + 2023-H enrollment variance + 2023-I supp weighting); enrollment & supp weighting repeat from FY2020/21. No CIP at year-end.,4690,13155
Johnston CSD,2024,CPA firm not named in PDF (signed Moline IL; change from Van Maanen),2024-12-13,unmodified,,92402220,96950364,16567398,11860294,0,3508434,13.34,-4.92,,,68490271,0,29295000,2086189,8224373,6463294,2516017,9201508,5624257,27711486,4962531,3,N,Y,N,No single audit findings,N,Medium,Auditor firm name not captured in PDF text extraction; signed Moline IL (different firm from prior years). Certified enrollment not stated. 3 significant deficiency findings (2024-001 receipt segregation; 2024-002 disbursement segregation; 2024-003 payroll segregation). GF Committed=$2055000 (not labeled Assigned). Lease_SBITA = GASB87 lease $86414 + GASB96 subscription $98663 + equipment financing $1901112 = $2086189. IPERS NPL = govt $26317598 + BTA $1393888. OPEB total = govt $4662794 + BTA $299737. Capital additions = CIP $2516017 + depreciable $5708356.,,
Johnston CSD,2025,CPA firm not named in PDF (signed East Moline IL; same firm as FY2024),2026-03-13,unmodified,,98396516,103691498,11834736,7327867,0,2712126,7.66,-5.38,,,66339912,0,25580000,1575669,10028226,6822076,3973992,9045095,-555016,22534212,4976349,3,N,Y,Y,No single audit findings,N,Medium,Auditor firm not named in text. Certified enrollment not stated. 3 SDs (2025-001 receipts; 2025-002 disbursements; 2025-003 payroll) — same subject matters as FY2024 but auditor designates each as not a repeat finding; treated as repeat here by substance. GF Committed=$1875000 (not Assigned). Lease_SBITA = GASB87 $48445 + GASB96 $249480 + equip financing $1277744 = $1575669. Unrestricted net position = combined govt+BTA = -$555016 (govt activities alone = -$6876884). IPERS NPL = govt $21400741 + BTA $1133471. AEA flowthrough dropped sharply from $3.5M to $2.7M.,,
Linn-Mar CSD,2020,Bohnsack & Frommelt LLP,2020-11-20,unmodified,7676,88946908,87749848,11059342,9481809,435330,3469718,11.60,1.35,,,53865779,72865000,54295000,,59390761,5778832,59304525,7827053,(32389777),44450304,3137166,4,N,Y,Y,No federal findings; unmodified opinion on major programs,N,High,Certified enrollment Oct 1 2019 per intro letter; cash_and_investments = total govt funds unrestricted + restricted pooled cash; SAVE bonds = statewide SSTU bonds (29815000 regular + 24480000 direct placement = 54295000); capital additions = governmental activities total increases; salary/benefit object detail not available in GF function-only statements; FY2020 finding 2020-001 is repeat of 2019-002,16566,11588
Linn-Mar CSD,2021,Bohnsack & Frommelt LLP,2021-11-18,unmodified,7598,96735391,93635341,13955156,12795923,424306,3631522,14.20,3.20,,,39304127,70015000,49925000,,70345474,6972691,2945189,7659411,(31586729),52490498,3498833,3,N,Y,Y,No federal findings; unmodified opinion on major programs,N,High,Certified enrollment Oct 1 2020 per intro letter; cash = unrestricted 33409428 + restricted 5894699; SAVE bonds = 26870000 regular + 23055000 direct placements = 49925000; capital additions = 1982532 (not depr) + 68362942 (being depr) = 70345474; FY2021 finding 2021-001 is repeat of 2020-001; IV-D-21 is conflict of interest finding,15786,12732
Linn-Mar CSD,2022,Bohnsack & Frommelt LLP,2022-12-20,unmodified,7579,99507635,101160128,12313088,11416553,464960,3676429,12.40,(1.66),,,31182906,66965000,39280000,508308,9098706,7562609,1429798,9160188,(23926481),1070927,4220660,4,N,Y,Y,No federal findings; unmodified opinion on major programs,N,High,Certified enrollment Oct 1 2021 per intro letter; GASB 87 adopted; lease liability 508308; SAVE bonds = 39280000 (all regular bonds after refunding); capital additions = 3585907 (not depr) + 5512799 (being depr); IPERS NPL dropped dramatically from $52.5M to $1.07M due to IPERS favorable returns; finding 2022-001 is repeat of 2021-001; IV-A-22 had 2 budget sub-findings counted as 1 finding number,14018,13129
Linn-Mar CSD,2023,Bohnsack & Frommelt LLP,2023-12-04,unmodified,7685,99802728,105031915,7069549,5866836,535797,3756855,6.67,(5.24),,,45069774,63805000,50725000,390401,8094369,7914263,2980349,10379010,(23048442),30810141,4568941,3,N,N,Y,No federal findings; unmodified opinion on major programs; low-risk auditee,N,High,Certified enrollment approx Oct 1 2022; FY2022 future section noted ~106 student increase over 7579 = ~7685 (approximate); GASB 96 adopted; SBITA obligation 6531; lease obligation 383870; total lease+SBITA = 390401; capital additions = 2935306 + 5159063; OPEB reported as Net OPEB liability,14903,12987
Linn-Mar CSD,2024,Bohnsack & Frommelt LLP,2024-12-12,unmodified,7566,104707585,104735503,7091954,5780977,605774,3893683,6.34,(0.03),,,55486542,60695000,61280000,928497,15713938,8139857,15172661,10124583,(21012888),35267344,5044000,2,N,N,Y,No federal findings; unmodified opinion on major programs; low-risk auditee,N,High,Certified enrollment Oct 1 2023 = 7566 per FY2023 intro letter; lease obligation 925193 + SBITA 3304 = 928497; SAVE bonds = 61280000; capital additions = 12817492 (not depr) + 2896446 (being depr); OPEB now reported as Total OPEB liability = 5044000 combined,16121,13839
Linn-Mar CSD,2025,Bohnsack & Frommelt LLP,2025-11-11,unmodified,7494,106656101,103555715,10195578,9278920,574165,3079830,9.51,2.91,,,50628484,57425000,66175000,752938,27761299,7945729,36262688,10008279,(29738653),27014121,4770897,3,N,Y,Y,No separate Uniform Guidance single audit section in FY2025 report; only GAS-based compliance audit performed,N,High,Certified enrollment Oct 1 2024 = 7494 per FY2024 intro letter; 2025-001 is new significant deficiency (Nutrition Fund reconciliation - not a repeat); II-H-25 and II-I-25 are repeats of IV-H-24 and IV-I-24 (certified enrollment and supplementary weighting); SBITA obligation = 0 (fully paid); lease obligation 752938; SAVE bonds increased to 66175000 due to new $10M issuance; OPEB = Total OPEB liability combined,16493,14232
Muscatine CSD,2020,Bohnsack & Frommelt LLP,2021-01-15,unmodified,4811.8,54928725,56564823,11135845,10644009,60534,2234604,20.32,-2.98,,,23241912,0,0,458952,14565243,3923391,9723578,5072669,-28250419,25881408,12128078,4,N,N,Y,no single audit findings (no Part III findings),N,High,Enrolled count = Oct 2019 count (used for FY2020 state aid). Firm signed from Moline IL confirmed as Bohnsack & Frommelt LLP per later years. AEA flowthrough separately stated. SAVE revenue is per CAR schedule. Cash = GF pooled only ($16.6M); total govtl pooled $23.2M. Capital lease $458952 (pre-GASB 87 purchase agreement). 4 statutory findings in Part IV (budget exceedance; quotes not obtained; certified enrollment variances; supplementary weighting variances). IV-A and IV-G/H are repeats from FY2019. Salary/benefit object detail not in text extraction.,0,11415
Muscatine CSD,2021,Bohnsack & Frommelt LLP,2022-01-28,unmodified,4690.0,56363815,56650584,10892432,10294149,76093,2245266,19.16,-0.51,,,25860927,0,0,458952,2342854,4197479,998293,4806557,-29435352,30192648,13638565,1,N,N,Y,no single audit findings (no Part III findings),N,High,Enrolled count = Oct 2020 count. SAVE revenue per CAR schedule. Cash = total govtl pooled $25.9M. Capital lease $458952 (same pre-GASB 87 purchase agreement ending balance). 1 statutory finding in Part IV (certified enrollment variances); IV-G prior year enrollment not corrected = repeat finding. Salary/benefit object detail not in text extraction.,0,12018
Muscatine CSD,2022,Bohnsack & Frommelt LLP,2023-01-10,unmodified,4603.05,59183176,57712786,11939087,10773667,143324,2247029,19.17,2.48,,,30943941,0,0,210367,4397378,4473953,1189238,5665028,-23436284,536222,11600302,1,N,N,Y,no single audit findings (ESSER II and ARP-ESSER audited; no Part III findings),N,High,First ACFR format year. Enrolled count = Oct 2021. SAVE revenue per CAR schedule. Cash = total govtl pooled $30.9M. GASB 87 lease obligation $210367 (new lease under updated standard). IPERS NPL dropped dramatically to $536222 due to strong investment returns (prior year $30.2M). 1 statutory finding (certified enrollment variances); repeat from FY2021. Salary/benefit object detail not in text extraction. ASBO cert submitted first time.,0,12857
Muscatine CSD,2023,Bohnsack & Frommelt LLP,2023-12-06,unmodified,4574.8,63094613,60869319,11406083,10212841,159311,2234639,17.04,3.53,,,55620298,0,25000000,135989,10541334,4592065,10355329,6317866,-20100578,15667226,12384752,1,N,N,Y,no single audit findings (no Part III findings),N,High,Enrolled count = Oct 2022. SAVE revenue per CAR. Cash = total govtl pooled $55.6M (high due to $25M bond proceeds held). $25M school infrastructure SAVE revenue bonds issued Oct/Dec 2022 outstanding at June 30 2023. Lease $98457 + SBITA $37532 = $135989. IPERS NPL rebounded to $15.7M. 1 statutory finding (certified enrollment variances); repeat. Salary/benefit object detail not in text extraction.,5465,13792
Muscatine CSD,2024,Bohnsack & Frommelt LLP,2024-11-08,unmodified,4422.8,61826636,60904420,11189523,9974471,159443,2225191,17.00,1.49,,,40894955,0,21808000,323038,25509538,4988989,6900809,6026666,-17300771,18169826,11463162,3,N,N,Y,no single audit findings (no Part III findings),Y,High,Enrolled count = Oct 2023. SAVE revenue per CAR. Cash = total govtl pooled $40.9M. Revenue bonds = Series 2022 $13095000 + Series 2022B $8713000 = $21808000. Lease $306766 + SBITA $16272 = $323038. 3 statutory findings (budget exceedance support services; certified enrollment; supplementary weighting). Budget exceedance is repeat of FY2020 pattern. GFOA Certificate awarded for FY2023 reported in this ACFR (first year). Salary/benefit object detail not in text extraction.,4931,13979
Muscatine CSD,2025,Bohnsack & Frommelt LLP,2025-10-17,unmodified,4315.9,60083203,61421653,10082508,8715227,145363,1871557,15.22,-2.23,,,30518195,0,22546000,162304,14245741,5926013,7010095,5850001,-22689350,14183719,12259474,2,N,N,Y,no single audit findings (no Part II federal findings; structure changed - Part IV renamed Part II),Y,High,Enrolled count = Oct 2024. SAVE revenue per CAR. Cash = total govtl pooled $30.5M. Revenue bonds = Series 2022 $11116000 + Series 2022B $7382000 + Series 2024 $4048000 = $22546000. Series 2024 $4048000 issued in FY2025. Lease $162304 + SBITA $0 (paid off) = $162304. 2 statutory findings (certified enrollment; supplementary weighting). GASB 101 implemented (emphasis of matter paragraph in opinion). Salary/benefit object detail not in text extraction.,5224,13921
Pleasant Valley CSD,2020,Bohnsack & Frommelt LLP,2020-11-04,unmodified,5128.4,54168959,53008239,8224174,4309175,3133352,2259331,14.34,2.14,,,45278048,15905000,33360000,175750,41542206,3496802,11117848,5215928,-13090297,23009691,4471219,1,N,N,N,Unmodified compliance opinion; no federal findings; single audit was performed (Child Nutrition cluster). One Iowa statutory finding IV-G-20: certified enrollment variance.,Y,High,"Auditor firm named Bohnsack & Frommelt LLP in transmittal letter; signed Moline IL. Capital lease $175,750 is pre-GASB-87 capital lease. Capital additions = gross increases to govl capital assets: CIP $9813513 + depreciable $31728693. GO bonds = Series 2018 net of premium = $15905000 (with premium $16258441 as reported in MD&A). SAVE rev bonds = sum of 4 series. Cash = SNP total (govl + BTA). Salaries+benefits not separately shown in GF object schedule in text extraction; left blank. OPEB = govl activities only.",9606,10563
Pleasant Valley CSD,2021,Bohnsack & Frommelt LLP,2021-11-18,unmodified,5244.2,58976783,55962993,11337516,6920517,3162842,2375720,17.81,5.11,,,39272107,14115000,29970000,89402,11120952,3543076,18425817,5117291,-12120596,27620132,5090484,0,N,N,N,Unmodified compliance; no findings (Parts II and III clean; IV items all clear). Single audit performed (COVID ESSER programs) - no findings.,Y,High,Firm confirmed by Moline IL signature consistent with all years; named explicitly in 2020 and 2023 transmittals. Capital lease $89402 is pre-GASB-87. Capital additions = CIP increases $8937974 + depreciable increases $2182978 = $11120952 gross. Rev bonds = 1745+6410+8600+13215 = 29970000. Solvency 17.81% matches district-reported 17.8%.,8406,11246
Pleasant Valley CSD,2022,Bohnsack & Frommelt LLP,2022-11-28,unmodified,5423.6,62108088,61741879,11942859,7157559,3161450,2486311,17.31,0.59,,,43215611,12275000,26515000,213703,19768000,4133862,391655,6298315,-7438766,523341,4532126,1,N,N,N,Unmodified compliance; no federal findings. One Iowa statutory finding IV-H-22: certified enrollment variance (repeat from FY2020).,Y,High,GASB 87 adopted in FY2022 (restated FY2021 net position by $52009). Lease obligation = $213703 (GASB 87). GO bonds = Series 2018 principal $12275000. Rev bonds = Series 2016+2017+2018 = 5465+8250+12800 = 26515000. Capital additions = CIP increases $407473 + depreciable $19360504 but CIP largely transferred to buildings during year = gross additions to depreciable $19360504 + new CIP $407473 = $19767977 ~ $19768000. Cash = SNP total govl+BTA. NPL dropped dramatically due to IPERS remeasurement. OPEB = govl activities only.,7152,11451
Pleasant Valley CSD,2023,Bohnsack & Frommelt LLP,2023-12-13,unmodified,5556.8,64926259,64759789,12144860,7370920,3277498,2644450,17.10,0.26,,,46968036,10380000,22990000,165355,7392899,4280203,4661901,7394675,-4275821,16411184,4983394,2,N,N,Y,Unmodified compliance; no federal findings (Child Nutrition cluster). Two Iowa statutory findings: IV-H-23 certified enrollment (repeat) and IV-J-23 depository resolution exceeded.,Y,High,Lease obligation $139407 + IT subscription $25948 = $165355 combined GASB87/96. Rev bonds = 4730+7150+11110 = 22990000. GO bonds = 10380000 (Series 2018). Capital additions = CIP increases $5286273 + depreciable increases $2106626 = $7392899. SAVE revenue from IV-M-23 disclosure = $7394675. NPL = govl activities $16411184 per long-term liabilities note; IPERS remeasured downward in FY2022 and rebounded. OPEB = govl activities. Enrollment 5556.8 confirmed in MD&A.,6005,11684
Pleasant Valley CSD,2024,Bohnsack & Frommelt LLP,2024-11-19,unmodified,5538.0,69450118,66728017,14965075,10195186,3349442,2773723,20.31,3.92,,,65710028,8425000,46560000,337074,19760118,4466364,18317847,7320316,-5363633,19373138,5385957,2,N,N,Y,Unmodified compliance; no federal findings (Child Nutrition cluster). Two Iowa statutory findings: IV-H-24 certified enrollment (repeat) and IV-I-24 supplementary weighting variance.,Y,High,$27180000 Series 2024 revenue bonds issued during year. Rev bonds = 3980+6025+9375+27180 = 46560000. GO bonds = 8425000 (Series 2018). Lease obligation $270577 + IT subscription $66497 = $337074. Capital additions = CIP increases $15847009 + depreciable increases $2974972 + land $938137 = $19760118. Cash = SNP total govl+BTA. SAVE = $7320316 per IV-M-24. OPEB = govl activities. Enrollment 5538 from statistical section. Solvency 20.31% matches district-reported 20.3%.,9929,12541
Pleasant Valley CSD,2025,Bohnsack & Frommelt LLP,2025-10-03,unmodified,5498.0,71687829,69922416,16738808,11954774,3648794,2197984,22.45,2.46,,,52105974,6410000,42765000,244176,20392743,4526743,36478777,7324934,-4467274,15755805,5629612,1,N,N,Y,No federal single audit (format changed; no Part III - Single Audit section). One Iowa statutory finding II-H-25: certified enrollment variance (repeat). GASB 101 adopted changing net OPEB liability to total OPEB liability.,Y,High,Equipment note $315936 + Lease obligation $200266 + IT subscription $43910 = $560112 but equipment note is likely not GASB87/96 (it is a traditional note payable for equipment). GASB 87 lease = $200266 and GASB 96 SBITA = $43910 = $244176 combined. Rev bonds = 3215+4875+7595+27080 = 42765000. GO bonds = 6410000 (Series 2018). Capital additions = CIP increases $18340952 + depreciable $2051791 = $20392743. Cash = SNP total govl+BTA. SAVE = $7324934 per II-M-25. IPERS = pension liability $15755805 (govl); OPEB = total OPEB liability $5629612 (govl; GASB 101). Enrollment 5498 from statistical section. No single audit section in this year report (moved to different format).,8944,13039
Waterloo CSD,2020,BerganKDV Ltd.,2020-11-03,unmodified,10865,136719805,138916971,18524155,15181795,1230992,5471894,12.51,-1.61,,,72213761,0,71043539,,19070836,5950605,2556710,11170519,-48670312,58890542,11260589,,,,,,Y,Medium,"Findings/single-audit not in this file (separately issued compliance report - 2020 text only references it); no GF GO bonds - all debt is SAVE revenue bonds; capital_additions = gross increases: depreciable $15,984,775 + CIP $3,075,561 + land $10,500 = $19,070,836; salaries_benefits not available by object in GF statement; go_debt_outstanding=0 (SAVE rev bonds only)",6539,12584
Waterloo CSD,2021,BerganKDV Ltd.,2021-11-09,unmodified,10633,152577513,142306382,29206917,26948864,1230992,5648589,19.18,6.73,,,95321722,0,88498539,,17855203,6115294,18004955,10845298,-40459101,70497997,12225233,2,Y,N,N,no federal award findings; enrollment count error (over by 2 students),Y,High,"Single audit included in file; material weakness = capital asset adjustment; Section IV enrollment finding counted; prior year finding (from 2020 compliance report) not visible; capital_additions = depreciable asset increases ($1,318,642) + CIP net increase ($15,448,245); SAVE rev bonds restated upward by $22.6M new issuance",8323,14349
Waterloo CSD,2022,BerganKDV Ltd.,2022-11-07,unmodified,10681,158718768,152655437,35307511,31809926,1230992,5654682,21.59,3.82,,,88817068,0,82412539,,42131038,6031277,13827215,13830461,-22387457,1404010,11851309,1,N,N,Y,no federal award findings; enrollment count error (over by 3 students); prior year MW resolved,Y,High,"Single audit included in file; prior year MW (2021-001) resolved per Section V; Section II None; Section III None; Section IV enrollment finding = 1; repeat_finding=Y because enrollment error recurs from 2021; IPERS NPL dropped sharply due to actuarial assumption changes; capital_additions = gross increases depreciable $23,385,902 + CIP $18,745,136 = $42,131,038; total OPEB = governmental activities only ($11,851,309)",7716,14860
Waterloo CSD,2023,BerganKDV Ltd.,2023-11-22,unmodified,10672,159792553,159641560,35547899,31718094,1230992,5741971,21.39,0.09,,,84214043,0,76396539,,19908546,6471489,29484537,14611671,-14930634,39509285,12809007,3,Y,N,N,no federal award findings; enrollment count error (over by 2.5 students); SAVE fund deficit $328974,Y,High,"Single audit included in file; Section II material weakness (retainage adjustment) = 1; Section IV enrollment finding IV-H and deficit fund IV-O = 2; total 3 findings; capital_additions = land $40,000 + CIP increases $17,193,929 + depreciable $2,674,617 = $19,908,546; GASB 96 adopted this year (SBITA); right-to-use $243,000 asset added; SBITA liability not separately listed in long-term debt table for FY2023 (appears in FY2024); repeat_finding=N (MW not same issue as 2021)",7159,14973
Waterloo CSD,2024,BerganKDV Ltd.,2024-11-11,unmodified,10732,146750928,169465652,13495379,8285953,1230992,5826481,6.75,-15.48,,,60459745,0,71251539,187266,17131275,7635176,34498892,14059279,-34092828,45778099,15374838,,,,,separately issued compliance report - findings not in file,Y,High,"Single audit findings not in ACFR file (separately issued); SBITA payable $187,266 (finance software Aug 2023); capital_additions = land $2,079,864 + CIP $9,616,795 + depreciable $5,434,616 = $17,131,275; total OPEB = governmental activities $15,374,838 ($482,600 current + $14,892,238 non-current); NPL = governmental activities $45,778,099; enrollment from building table = 10,732; SAVE revenue from notes $14,059,279; GF revenue fell due to ESSER/ARP federal funds expiring",6639,13674
Waterloo CSD,2025,BerganKDV Ltd.,2025-11-14,unmodified,10812,152946677,173706041,-6803307,-8325333,0,4943031,-5.62,-13.57,,,129446271,0,153251539,100633,54740174,8267678,15909340,14194731,-45513271,36603698,15054240,,,,,separately issued compliance report - findings not in file,N,High,"GFOA cert not mentioned in 2025 ACFR (ASBO Certificate of Excellence cited instead); SBITA payable $100,633 remaining; GF total fund balance negative (-$6.8M); large bond issuance $87.22M in FY2025; revenue bonds jumped to $153.25M (major building campaign); capital_additions = land $88,500 + CIP $17,323,610 + depreciable $37,328,064 = $54,740,174; no GF Assigned balance; NPL = governmental activities $36,603,698; total OPEB governmental activities $15,054,240; solvency ratio negative - district in structural deficit",14174,14146
Waukee CSD,2020,Bohnsack & Frommelt LLP,2020-11-11,unmodified,11701,122584934,123675598,17223150,16085853,0,5225897,13.71,-0.89,,,171289828,153765000,96885000,,91168372,7064925,102739812,11585543,-22010656,53117765,3318943,2,N,Y,N,No single audit findings; 2 IC significant deficiencies (2020-001 payroll seg of duties; 2020-002 receipts seg of duties),Y,High,GF Assigned=$0 (no assigned/committed line in 2020 GF balance sheet; only restricted $1137297 and unassigned). Solvency uses unassigned only. Capital additions = gross Note 5 governmental additions (CIP $68.2M + depreciable $22.9M). GO bonds face value $153.765M; revenue bonds face value $96.885M (SAVE bonds). IPERS NPL measured at June 30 2019 per note. Unrestricted NP for governmental activities only = ($22010656). Enrollment source: MD&A states 11701 for FY2019-20. salaries_benefits not presented by object in GF statements.,21421,10476
Waukee CSD,2021,Bohnsack & Frommelt LLP,2021-11-16,unmodified,11994,133363511,132262434,18603050,13250404,3908600,5620018,13.43,0.83,,,196446921,222550000,89415000,,77683083,7087107,171118877,11667162,-31587902,67530758,3350744,0,N,N,Y,No single audit findings; no IC deficiencies reported,Y,High,GF Assigned=$3908600 per committed line on GF balance sheet (2021 adopted Committed classification). Solvency uses committed+unassigned. Capital additions = Note 5: CIP $68.9M + land $3.6M + depreciable $5.2M = $77.7M. GO bonds face value $222.550M (includes $84.29M Series 2020B issued Nov 2020; recorded in FY2021 LTD schedule beg balance). Revenue bonds face value $89.415M. IPERS NPL measured at June 30 2020. Unrestricted NP govtal activities = ($31587902). FY2020 sig deficiency 2020-001 and 2020-002 were to be corrected by FY2021 - status shown as corrected per next year CAP; repeat_finding=Y for enrollment finding IV-H-21 (repeat of IV-G-20).,26010,11119
Waukee CSD,2022,Bohnsack & Frommelt LLP,2022-12-05,unmodified,12470,142894048,144288273,17180128,11101992,4601587,5919633,11.46,-0.98,,,204223383,267730000,83490000,279315,212724153,12962194,60251144,14401355,-12926214,1426630,3239985,1,N,N,Y,Federal single audit finding 2022-001: Child Nutrition Cluster indirect cost methodology (questioned costs $151885; not repeat); no IC deficiencies,Y,High,GF Assigned=$4601587 per committed line. Capital additions = Note 5: land $948902 + CIP $42738625 + depreciable $169036626 = $212724153 (very large due to new NW High School opening with $159.8M building additions transferred from CIP). GO bonds face value $267.730M. Revenue bonds face value $83.490M. Lease payable (GASB 87 equipment lease) = $279315 at June 30 2022; GASB 87 implemented this year with restatement. IPERS NPL dropped to $1426630 due to improved IPERS funding. Repeat finding = Y for enrollment variances (IV-H-22 repeat of IV-H-21). Report dated Dec 5 2022 (primary opinion); table of contents lists Dec 12 2022 - used Dec 5 per actual audit report signature page.,28165,11459
Waukee CSD,2023,Bohnsack & Frommelt LLP,2023-11-27,unmodified,12616,158721023,156425252,19331625,12663946,4979059,6374798,11.58,1.45,,,214618027,313995000,77275000,211917,90613379,14249185,96183240,17166447,-2743309,41747309,3405209,0,N,N,Y,No federal single audit findings; no IC deficiencies,Y,High,GF Assigned=$4979059 per committed line. Capital additions = Note 5: CIP $59385977 + depreciable $31227402 = $90613379. GO bonds face value $313.995M. Revenue bonds face value $77.275M. lease_sbita = equipment lease $142446 + IT subscription liability $69871 = $211917 at June 30 2023. IPERS NPL = $41747309 (measured at June 30 2022). Unrestricted NP = ($2743309). Repeat finding = Y for enrollment variances (IV-H-23 repeat of IV-H-22). SAVE revenue from CAR = $17166447.,31014,12581
Waukee CSD,2024,Bohnsack & Frommelt LLP,2024-11-19,unmodified,13674,176202591,167859342,27671884,20173838,5958793,6915402,15.44,4.74,,,153202159,297145000,70840000,468058,141567436,16991183,115010728,17328444,11315092,49072954,7098660,0,N,N,Y,No federal single audit findings; no IC deficiencies (full Uniform Guidance audit conducted),Y,High,GF Assigned=$5958793 per committed line. Capital additions = Note 5: land $498361 + CIP $70125541 + depreciable $70943534 = $141567436. GO bonds face value $297.145M. Revenue bonds face value $70.840M. lease_sbita = IT subscription liability only $468058 (equipment lease paid off in FY2024; no GASB 96 SBITA separate). IPERS NPL = $49072954. Unrestricted NP govtal activities = $11315092 (positive for first time). OPEB switched to total OPEB liability presentation = $7098660. Repeat finding = Y for enrollment variances (IV-H-24 repeat). SAVE revenue = $17328444. Cash/investments = GF only $44544823 per balance sheet.,26911,12886
Waukee CSD,2025,Bohnsack & Frommelt LLP,2025-11-17,unmodified,14016,188235898,182018327,33976978,28198287,4437283,5421634,17.85,3.30,,,138226606,323690000,64155000,378043,157037489,19821646,98309703,18086486,23071290,40774255,5339865,1,N,N,Y,No Uniform Guidance/Single Audit section in FY2025 report (no SEFA or major federal program compliance testing); one statutory finding II-A-25 (budget overexpenditure in support services $2937964),Y,High,GF Assigned=$4437283 per committed line. Capital additions = Note 5: land $13811170 + CIP $55083036 + depreciable $88143283 = $157037489. GO bonds face value $323.690M. Revenue bonds face value $64.155M. lease_sbita = IT subscription liability $378043 (GASB 96 SBITA). Equipment lease fully amortized and retired in FY2025. IPERS NPL = $40774255 (measured at June 30 2024). Unrestricted NP govtal activities = $23071290. OPEB total liability = $5339865. findings_count=1 (statutory budget finding only; no IC or federal). Repeat finding = Y for enrollment variances (II-H-25 repeat pattern). No single audit conducted in FY2025 (no SEFA or Uniform Guidance report in document). SAVE revenue = $18086486.,27672,13430
West Des Moines CSD,2020,Bohnsack & Frommelt LLP,2020-11-23,unmodified,8989,116944641,114446448,17864713,10924314,0,4026872,9.67,2.14,,,50465985,5245000,32465000,,22186759,9236009,5988514,9263381,-40024716,49153935,16994968,3,N,N,Y,Single audit; unmodified compliance; no federal findings (ESSER/Child Nutrition audited),Y,High,GF Assigned=0; Committed=$4598506 not included in solvency ratio; salary_benefit blank (not separately shown in GF statement); lease_sbita blank (GASB 87 not yet adopted FY2020); GO debt=Series 2016 capital loan notes principal $5245000 (fully paid May 2021); SAVE bonds=Series 2012+2013+2014 principal totaling $32465000; capital_additions=total gross additions to governmental capital assets per note (CIP $12111050+depreciable $10075709); repeat_finding=Y (IV-G-19 and IV-H-19 enrollment/weighting carried to IV-G-20 and IV-H-20; IV-A-19 budget also carried); cash_and_investments=total governmental funds balance sheet,4195,13010
West Des Moines CSD,2021,Bohnsack & Frommelt LLP,2021-11-18,unmodified,8820,125554087,121227543,21127008,13007006,0,4153136,10.71,3.45,,,101459291,49735000,30525000,,18296714,9604225,5016598,8973645,-40284923,59529698,19038039,2,N,N,Y,Single audit conducted; no IC or federal findings in findings schedule; 2 statutory findings only,Y,High,GF Assigned=0; Committed=$5189067 not in solvency; salary_benefit blank; lease_sbita blank (GASB 87 not yet adopted); GO debt=Series 2020A capital loan notes principal $49735000; SAVE bonds=Series 2012+2013+2014 principal ($10000000+$6065000+$14460000=$30525000); capital_additions=governmental activities (CIP additions $8662399+depreciable $9634315=$18296714; note: depreciable additions equal CIP retirements so net new spending primarily CIP); repeat_finding=Y (enrollment/weighting findings from 2020 carried to II-H-21 and II-I-21); cash_and_investments=fund balance sheet total ($101459291 cash + $7570467 restricted debt service=$109029758 but restricted listed separately; using non-restricted total),9100,14235
West Des Moines CSD,2022,Bohnsack & Frommelt LLP,2022-11-30,unmodified,8775,129114481,121676880,28473332,20326637,0,4187910,16.27,5.76,,,86599618,45605000,27530000,531690,40665574,10179597,28552759,10645258,-24575887,367737,16194385,3,N,N,Y,Single audit; unmodified compliance; no federal findings,Y,High,GF Assigned=0; Committed=$5266678 not in solvency; salary_benefit blank; GO debt=Series 2020A capital loan notes principal $45605000; SAVE bonds=Series 2012+2013+2014 principal ($9000000+$5470000+$13060000=$27530000); lease_sbita=GASB 87 equipment lease obligation $531690 (first year); capital_additions=governmental activities gross (CIP $31916216+depreciable $8749358=$40665574); repeat_finding=Y (enrollment/weighting findings recur); IPERS NPL dropped dramatically ($60M to $0.4M governmental) reflecting IPERS funded status improvement; cash_and_investments=total governmental fund balance sheet,8334,14714
West Des Moines CSD,2023,Bohnsack & Frommelt LLP,2023-11-29,unmodified,8679,132142293,128230859,32457077,24913216,0,4250479,19.48,2.96,,,57471149,41265000,24460000,432489,73627400,11252565,88712611,12019830,-35645762,30961013,17122825,3,N,N,Y,Single audit; unmodified compliance; no federal findings,Y,High,GF Assigned=0; Committed=$4269646 not in solvency; salary_benefit blank; GO debt=Series 2020A capital loan notes principal $41265000; SAVE bonds=Series 2012+2013+2014 principal ($7980000+$4860000+$11620000=$24460000); lease_sbita=equipment lease $361465+IT subscription $71024=$432489 (GASB 96 adopted); capital_additions=governmental activities gross (CIP $65095690+depreciable $8531710=$73627400; major CIP buildup for school construction); repeat_finding=Y (enrollment/weighting findings recur each year); cash_and_investments=fund statement total ($57471149 unrestricted + $7780630 restricted=$65251779; using unrestricted only),7573,15226
West Des Moines CSD,2024,Bohnsack & Frommelt LLP,2024-11-25,unmodified,8614,127907219,133545565,27185382,19754866,0,4260853,15.98,-4.41,,,80645565,45745000,66795000,403854,130404754,12690374,51676,11432855,-14377871,36686725,5391611,3,N,N,Y,Single audit; unmodified compliance; no federal findings,Y,High,GF Assigned=0; Committed=$5065213 not in solvency; salary_benefit blank; GO debt=Series 2020A $36710000+Series 2023 $9035000=$45745000; SAVE bonds=Series 2012 $6935000+Series 2013 $4230000+Series 2014 $10130000+Series 2023 $45500000=$66795000 (Series 2023 revenue bonds issued for major capital program); lease_sbita=equipment lease $184328+IT subscription $219526=$403854; capital_additions=governmental activities gross (CIP $20253971+depreciable $110150783=$130404754; major building completion transferred from CIP); repeat_finding=Y (enrollment/weighting recur); OPEB dropped from $17.1M to $5.4M due to actuarial assumption changes; cash_and_investments includes restricted $12299061,13065,14849
West Des Moines CSD,2025,Bohnsack & Frommelt LLP,2025-11-19,unmodified,8526,125664099,132035909,21493000,13955432,0,3488438,11.42,-5.07,,,75738641,40105000,62550000,1172693,13083822,14904359,1171722,11393931,-25521180,29644060,5037546,2,N,N,Y,Single audit; unmodified compliance; no federal findings,Y,High,GF Assigned=0; Committed=$5234258 not in solvency; salary_benefit blank; GO debt=Series 2020A $31925000+Series 2023 $8180000=$40105000; SAVE bonds=Series 2012 $5860000+Series 2013 $3580000+Series 2014 $8590000+Series 2023 $44520000=$62550000; lease_sbita=equipment lease $559348+IT subscription $613345=$1172693; capital_additions=governmental activities gross (CIP $4101586+depreciable $8982236=$13083822; post-construction wind-down year); repeat_finding=Y (enrollment/weighting findings recur all 6 years); report_date=November 19 2025 per auditor signature (November 30 is transmittal letter); AEA flow-through dropped $772k reflecting state AEA funding restructuring effective July 2024,12040,14739
